,0,1,2,3,4,5,6,7,8,9,10,11,12,13,14,15,16,17,18,19,20,21,22,23
2000-01-19,6913.0,6886.0,6770.0,6741.0,6831.0,7018.0,7949.0,8598.0,8700.0,8837.0,8867.0,8557.0,8449.0,8475.0,8403.0,8347.0,8458.0,8815.0,8503.0,7648.0,7331.0,7788.0,7644.0,7423.0
2000-01-19,6913.0,6886.0,6770.0,6741.0,6831.0,7018.0,7949.0,8598.0,8700.0,8837.0,8867.0,8557.0,8449.0,8475.0,8403.0,8347.0,8458.0,8815.0,8503.0,7648.0,7331.0,7788.0,7644.0,7423.0
2000-01-19,6913.0,6886.0,6770.0,6741.0,6831.0,7018.0,7949.0,8598.0,8700.0,8837.0,8867.0,8557.0,8449.0,8475.0,8403.0,8347.0,8458.0,8815.0,8503.0,7648.0,7331.0,7788.0,7644.0,7423.0
2000-01-19,6913.0,6886.0,6770.0,6741.0,6831.0,7018.0,7949.0,8598.0,8700.0,8837.0,8867.0,8557.0,8449.0,8475.0,8403.0,8347.0,8458.0,8815.0,8503.0,7648.0,7331.0,7788.0,7644.0,7423.0
2000-01-19,6913.0,6886.0,6770.0,6741.0,6831.0,7018.0,7949.0,8598.0,8700.0,8837.0,8867.0,8557.0,8449.0,8475.0,8403.0,8347.0,8458.0,8815.0,8503.0,7648.0,7331.0,7788.0,7644.0,7423.0
2000-01-15,7270.0,7099.0,6678.0,6565.0,6404.0,6063.0,6180.0,6663.0,6867.0,7035.0,7024.0,7051.0,7065.0,7014.0,6902.0,6845.0,7231.0,7671.0,7466.0,7003.0,6721.0,7266.0,7249.0,6943.0
2000-01-16,6865.0,6576.0,6448.0,6214.0,5986.0,5459.0,5310.0,5623.0,5971.0,6146.0,6359.0,6552.0,6449.0,6285.0,6169.0,6345.0,6716.0,7057.0,7022.0,6796.0,6516.0,7127.0,7076.0,6833.0
2000-01-19,6913.0,6886.0,6770.0,6741.0,6831.0,7018.0,7949.0,8598.0,8700.0,8837.0,8867.0,8557.0,8449.0,8475.0,8403.0,8347.0,8458.0,8815.0,8503.0,7648.0,7331.0,7788.0,7644.0,7423.0
2000-01-19,6913.0,6886.0,6770.0,6741.0,6831.0,7018.0,7949.0,8598.0,8700.0,8837.0,8867.0,8557.0,8449.0,8475.0,8403.0,8347.0,8458.0,8815.0,8503.0,7648.0,7331.0,7788.0,7644.0,7423.0
2000-01-19,6913.0,6886.0,6770.0,6741.0,6831.0,7018.0,7949.0,8598.0,8700.0,8837.0,8867.0,8557.0,8449.0,8475.0,8403.0,8347.0,8458.0,8815.0,8503.0,7648.0,7331.0,7788.0,7644.0,7423.0
2000-01-19,6913.0,6886.0,6770.0,6741.0,6831.0,7018.0,7949.0,8598.0,8700.0,8837.0,8867.0,8557.0,8449.0,8475.0,8403.0,8347.0,8458.0,8815.0,8503.0,7648.0,7331.0,7788.0,7644.0,7423.0
2000-01-19,6913.0,6886.0,6770.0,6741.0,6831.0,7018.0,7949.0,8598.0,8700.0,8837.0,8867.0,8557.0,8449.0,8475.0,8403.0,8347.0,8458.0,8815.0,8503.0,7648.0,7331.0,7788.0,7644.0,7423.0
2000-01-15,7270.0,7099.0,6678.0,6565.0,6404.0,6063.0,6180.0,6663.0,6867.0,7035.0,7024.0,7051.0,7065.0,7014.0,6902.0,6845.0,7231.0,7671.0,7466.0,7003.0,6721.0,7266.0,7249.0,6943.0
2000-01-16,6865.0,6576.0,6448.0,6214.0,5986.0,5459.0,5310.0,5623.0,5971.0,6146.0,6359.0,6552.0,6449.0,6285.0,6169.0,6345.0,6716.0,7057.0,7022.0,6796.0,6516.0,7127.0,7076.0,6833.0
2000-01-19,6913.0,6886.0,6770.0,6741.0,6831.0,7018.0,7949.0,8598.0,8700.0,8837.0,8867.0,8557.0,8449.0,8475.0,8403.0,8347.0,8458.0,8815.0,8503.0,7648.0,7331.0,7788.0,7644.0,7423.0
2000-01-19,6913.0,6886.0,6770.0,6741.0,6831.0,7018.0,7949.0,8598.0,8700.0,8837.0,8867.0,8557.0,8449.0,8475.0,8403.0,8347.0,8458.0,8815.0,8503.0,7648.0,7331.0,7788.0,7644.0,7423.0
2000-01-19,6913.0,6886.0,6770.0,6741.0,6831.0,7018.0,7949.0,8598.0,8700.0,8837.0,8867.0,8557.0,8449.0,8475.0,8403.0,8347.0,8458.0,8815.0,8503.0,7648.0,7331.0,7788.0,7644.0,7423.0
2000-01-19,6913.0,6886.0,6770.0,6741.0,6831.0,7018.0,7949.0,8598.0,8700.0,8837.0,8867.0,8557.0,8449.0,8475.0,8403.0,8347.0,8458.0,8815.0,8503.0,7648.0,7331.0,7788.0,7644.0,7423.0
2000-01-19,6913.0,6886.0,6770.0,6741.0,6831.0,7018.0,7949.0,8598.0,8700.0,8837.0,8867.0,8557.0,8449.0,8475.0,8403.0,8347.0,8458.0,8815.0,8503.0,7648.0,7331.0,7788.0,7644.0,7423.0
2000-01-15,7270.0,7099.0,6678.0,6565.0,6404.0,6063.0,6180.0,6663.0,6867.0,7035.0,7024.0,7051.0,7065.0,7014.0,6902.0,6845.0,7231.0,7671.0,7466.0,7003.0,6721.0,7266.0,7249.0,6943.0
2000-01-16,6865.0,6576.0,6448.0,6214.0,5986.0,5459.0,5310.0,5623.0,5971.0,6146.0,6359.0,6552.0,6449.0,6285.0,6169.0,6345.0,6716.0,7057.0,7022.0,6796.0,6516.0,7127.0,7076.0,6833.0
2000-01-19,6913.0,6886.0,6770.0,6741.0,6831.0,7018.0,7949.0,8598.0,8700.0,8837.0,8867.0,8557.0,8449.0,8475.0,8403.0,8347.0,8458.0,8815.0,8503.0,7648.0,7331.0,7788.0,7644.0,7423.0
2000-01-19,6913.0,6886.0,6770.0,6741.0,6831.0,7018.0,7949.0,8598.0,8700.0,8837.0,8867.0,8557.0,8449.0,8475.0,8403.0,8347.0,8458.0,8815.0,8503.0,7648.0,7331.0,7788.0,7644.0,7423.0
2000-01-19,6913.0,6886.0,6770.0,6741.0,6831.0,7018.0,7949.0,8598.0,8700.0,8837.0,8867.0,8557.0,8449.0,8475.0,8403.0,8347.0,8458.0,8815.0,8503.0,7648.0,7331.0,7788.0,7644.0,7423.0
2000-01-19,6913.0,6886.0,6770.0,6741.0,6831.0,7018.0,7949.0,8598.0,8700.0,8837.0,8867.0,8557.0,8449.0,8475.0,8403.0,8347.0,8458.0,8815.0,8503.0,7648.0,7331.0,7788.0,7644.0,7423.0
2000-01-19,6913.0,6886.0,6770.0,6741.0,6831.0,7018.0,7949.0,8598.0,8700.0,8837.0,8867.0,8557.0,8449.0,8475.0,8403.0,8347.0,8458.0,8815.0,8503.0,7648.0,7331.0,7788.0,7644.0,7423.0
2000-01-15,7270.0,7099.0,6678.0,6565.0,6404.0,6063.0,6180.0,6663.0,6867.0,7035.0,7024.0,7051.0,7065.0,7014.0,6902.0,6845.0,7231.0,7671.0,7466.0,7003.0,6721.0,7266.0,7249.0,6943.0
2000-01-16,6865.0,6576.0,6448.0,6214.0,5986.0,5459.0,5310.0,5623.0,5971.0,6146.0,6359.0,6552.0,6449.0,6285.0,6169.0,6345.0,6716.0,7057.0,7022.0,6796.0,6516.0,7127.0,7076.0,6833.0
2000-02-16,6514.0,6332.0,6427.0,6353.0,6568.0,6827.0,7759.0,8506.0,8661.0,8866.0,8743.0,8391.0,8376.0,8427.0,8286.0,8190.0,8111.0,8536.0,8211.0,7754.0,7340.0,7770.0,7592.0,7350.0
2000-02-16,6514.0,6332.0,6427.0,6353.0,6568.0,6827.0,7759.0,8506.0,8661.0,8866.0,8743.0,8391.0,8376.0,8427.0,8286.0,8190.0,8111.0,8536.0,8211.0,7754.0,7340.0,7770.0,7592.0,7350.0
2000-02-16,6514.0,6332.0,6427.0,6353.0,6568.0,6827.0,7759.0,8506.0,8661.0,8866.0,8743.0,8391.0,8376.0,8427.0,8286.0,8190.0,8111.0,8536.0,8211.0,7754.0,7340.0,7770.0,7592.0,7350.0
2000-02-16,6514.0,6332.0,6427.0,6353.0,6568.0,6827.0,7759.0,8506.0,8661.0,8866.0,8743.0,8391.0,8376.0,8427.0,8286.0,8190.0,8111.0,8536.0,8211.0,7754.0,7340.0,7770.0,7592.0,7350.0
2000-02-16,6514.0,6332.0,6427.0,6353.0,6568.0,6827.0,7759.0,8506.0,8661.0,8866.0,8743.0,8391.0,8376.0,8427.0,8286.0,8190.0,8111.0,8536.0,8211.0,7754.0,7340.0,7770.0,7592.0,7350.0
2000-12-02,6904.0,6728.0,6636.0,6379.0,6167.0,5904.0,6015.0,6369.0,6732.0,6891.0,6930.0,6964.0,6910.0,6828.0,6782.0,6620.0,6685.0,7318.0,7291.0,6854.0,6479.0,6913.0,6917.0,6646.0
2000-02-13,6353.0,6239.0,6054.0,5927.0,5780.0,5325.0,5205.0,5419.0,5781.0,6071.0,6196.0,6342.0,6197.0,6029.0,5915.0,5869.0,6273.0,6889.0,6814.0,6521.0,6220.0,6655.0,6517.0,6176.0
2000-02-16,6514.0,6332.0,6427.0,6353.0,6568.0,6827.0,7759.0,8506.0,8661.0,8866.0,8743.0,8391.0,8376.0,8427.0,8286.0,8190.0,8111.0,8536.0,8211.0,7754.0,7340.0,7770.0,7592.0,7350.0
2000-02-16,6514.0,6332.0,6427.0,6353.0,6568.0,6827.0,7759.0,8506.0,8661.0,8866.0,8743.0,8391.0,8376.0,8427.0,8286.0,8190.0,8111.0,8536.0,8211.0,7754.0,7340.0,7770.0,7592.0,7350.0
2000-02-16,6514.0,6332.0,6427.0,6353.0,6568.0,6827.0,7759.0,8506.0,8661.0,8866.0,8743.0,8391.0,8376.0,8427.0,8286.0,8190.0,8111.0,8536.0,8211.0,7754.0,7340.0,7770.0,7592.0,7350.0
2000-02-16,6514.0,6332.0,6427.0,6353.0,6568.0,6827.0,7759.0,8506.0,8661.0,8866.0,8743.0,8391.0,8376.0,8427.0,8286.0,8190.0,8111.0,8536.0,8211.0,7754.0,7340.0,7770.0,7592.0,7350.0
2000-02-16,6514.0,6332.0,6427.0,6353.0,6568.0,6827.0,7759.0,8506.0,8661.0,8866.0,8743.0,8391.0,8376.0,8427.0,8286.0,8190.0,8111.0,8536.0,8211.0,7754.0,7340.0,7770.0,7592.0,7350.0
2000-12-02,6904.0,6728.0,6636.0,6379.0,6167.0,5904.0,6015.0,6369.0,6732.0,6891.0,6930.0,6964.0,6910.0,6828.0,6782.0,6620.0,6685.0,7318.0,7291.0,6854.0,6479.0,6913.0,6917.0,6646.0
2000-02-13,6353.0,6239.0,6054.0,5927.0,5780.0,5325.0,5205.0,5419.0,5781.0,6071.0,6196.0,6342.0,6197.0,6029.0,5915.0,5869.0,6273.0,6889.0,6814.0,6521.0,6220.0,6655.0,6517.0,6176.0
2000-02-16,6514.0,6332.0,6427.0,6353.0,6568.0,6827.0,7759.0,8506.0,8661.0,8866.0,8743.0,8391.0,8376.0,8427.0,8286.0,8190.0,8111.0,8536.0,8211.0,7754.0,7340.0,7770.0,7592.0,7350.0
2000-02-16,6514.0,6332.0,6427.0,6353.0,6568.0,6827.0,7759.0,8506.0,8661.0,8866.0,8743.0,8391.0,8376.0,8427.0,8286.0,8190.0,8111.0,8536.0,8211.0,7754.0,7340.0,7770.0,7592.0,7350.0
2000-02-16,6514.0,6332.0,6427.0,6353.0,6568.0,6827.0,7759.0,8506.0,8661.0,8866.0,8743.0,8391.0,8376.0,8427.0,8286.0,8190.0,8111.0,8536.0,8211.0,7754.0,7340.0,7770.0,7592.0,7350.0
2000-02-16,6514.0,6332.0,6427.0,6353.0,6568.0,6827.0,7759.0,8506.0,8661.0,8866.0,8743.0,8391.0,8376.0,8427.0,8286.0,8190.0,8111.0,8536.0,8211.0,7754.0,7340.0,7770.0,7592.0,7350.0
2000-02-16,6514.0,6332.0,6427.0,6353.0,6568.0,6827.0,7759.0,8506.0,8661.0,8866.0,8743.0,8391.0,8376.0,8427.0,8286.0,8190.0,8111.0,8536.0,8211.0,7754.0,7340.0,7770.0,7592.0,7350.0
2000-12-02,6904.0,6728.0,6636.0,6379.0,6167.0,5904.0,6015.0,6369.0,6732.0,6891.0,6930.0,6964.0,6910.0,6828.0,6782.0,6620.0,6685.0,7318.0,7291.0,6854.0,6479.0,6913.0,6917.0,6646.0
2000-02-13,6353.0,6239.0,6054.0,5927.0,5780.0,5325.0,5205.0,5419.0,5781.0,6071.0,6196.0,6342.0,6197.0,6029.0,5915.0,5869.0,6273.0,6889.0,6814.0,6521.0,6220.0,6655.0,6517.0,6176.0
2000-02-16,6514.0,6332.0,6427.0,6353.0,6568.0,6827.0,7759.0,8506.0,8661.0,8866.0,8743.0,8391.0,8376.0,8427.0,8286.0,8190.0,8111.0,8536.0,8211.0,7754.0,7340.0,7770.0,7592.0,7350.0
2000-02-16,6514.0,6332.0,6427.0,6353.0,6568.0,6827.0,7759.0,8506.0,8661.0,8866.0,8743.0,8391.0,8376.0,8427.0,8286.0,8190.0,8111.0,8536.0,8211.0,7754.0,7340.0,7770.0,7592.0,7350.0
2000-02-16,6514.0,6332.0,6427.0,6353.0,6568.0,6827.0,7759.0,8506.0,8661.0,8866.0,8743.0,8391.0,8376.0,8427.0,8286.0,8190.0,8111.0,8536.0,8211.0,7754.0,7340.0,7770.0,7592.0,7350.0
2000-02-16,6514.0,6332.0,6427.0,6353.0,6568.0,6827.0,7759.0,8506.0,8661.0,8866.0,8743.0,8391.0,8376.0,8427.0,8286.0,8190.0,8111.0,8536.0,8211.0,7754.0,7340.0,7770.0,7592.0,7350.0
2000-02-16,6514.0,6332.0,6427.0,6353.0,6568.0,6827.0,7759.0,8506.0,8661.0,8866.0,8743.0,8391.0,8376.0,8427.0,8286.0,8190.0,8111.0,8536.0,8211.0,7754.0,7340.0,7770.0,7592.0,7350.0
2000-12-02,6904.0,6728.0,6636.0,6379.0,6167.0,5904.0,6015.0,6369.0,6732.0,6891.0,6930.0,6964.0,6910.0,6828.0,6782.0,6620.0,6685.0,7318.0,7291.0,6854.0,6479.0,6913.0,6917.0,6646.0
2000-02-13,6353.0,6239.0,6054.0,5927.0,5780.0,5325.0,5205.0,5419.0,5781.0,6071.0,6196.0,6342.0,6197.0,6029.0,5915.0,5869.0,6273.0,6889.0,6814.0,6521.0,6220.0,6655.0,6517.0,6176.0
2000-03-15,6094.0,5986.0,5985.0,6010.0,6149.0,6618.0,7349.0,7838.0,7892.0,8226.0,8312.0,7920.0,7773.0,7919.0,7694.0,7606.0,7293.0,7479.0,7788.0,7381.0,7022.0,7362.0,7193.0,6795.0
2000-03-15,6094.0,5986.0,5985.0,6010.0,6149.0,6618.0,7349.0,7838.0,7892.0,8226.0,8312.0,7920.0,7773.0,7919.0,7694.0,7606.0,7293.0,7479.0,7788.0,7381.0,7022.0,7362.0,7193.0,6795.0
2000-03-15,6094.0,5986.0,5985.0,6010.0,6149.0,6618.0,7349.0,7838.0,7892.0,8226.0,8312.0,7920.0,7773.0,7919.0,7694.0,7606.0,7293.0,7479.0,7788.0,7381.0,7022.0,7362.0,7193.0,6795.0
2000-03-15,6094.0,5986.0,5985.0,6010.0,6149.0,6618.0,7349.0,7838.0,7892.0,8226.0,8312.0,7920.0,7773.0,7919.0,7694.0,7606.0,7293.0,7479.0,7788.0,7381.0,7022.0,7362.0,7193.0,6795.0
2000-03-15,6094.0,5986.0,5985.0,6010.0,6149.0,6618.0,7349.0,7838.0,7892.0,8226.0,8312.0,7920.0,7773.0,7919.0,7694.0,7606.0,7293.0,7479.0,7788.0,7381.0,7022.0,7362.0,7193.0,6795.0
2000-11-03,6244.0,6051.0,6011.0,5949.0,5851.0,5671.0,5558.0,5923.0,6155.0,6276.0,6277.0,6247.0,6146.0,5970.0,5835.0,5731.0,5774.0,6207.0,6647.0,6216.0,5871.0,6098.0,5999.0,5641.0
2000-12-03,5202.0,5036.0,5078.0,5121.0,5110.0,4915.0,4731.0,4903.0,5192.0,5423.0,5528.0,5547.0,5316.0,5116.0,4930.0,4916.0,5206.0,5740.0,6293.0,6119.0,5754.0,6067.0,5930.0,5565.0
2000-03-15,6094.0,5986.0,5985.0,6010.0,6149.0,6618.0,7349.0,7838.0,7892.0,8226.0,8312.0,7920.0,7773.0,7919.0,7694.0,7606.0,7293.0,7479.0,7788.0,7381.0,7022.0,7362.0,7193.0,6795.0
2000-03-15,6094.0,5986.0,5985.0,6010.0,6149.0,6618.0,7349.0,7838.0,7892.0,8226.0,8312.0,7920.0,7773.0,7919.0,7694.0,7606.0,7293.0,7479.0,7788.0,7381.0,7022.0,7362.0,7193.0,6795.0
2000-03-15,6094.0,5986.0,5985.0,6010.0,6149.0,6618.0,7349.0,7838.0,7892.0,8226.0,8312.0,7920.0,7773.0,7919.0,7694.0,7606.0,7293.0,7479.0,7788.0,7381.0,7022.0,7362.0,7193.0,6795.0
2000-03-15,6094.0,5986.0,5985.0,6010.0,6149.0,6618.0,7349.0,7838.0,7892.0,8226.0,8312.0,7920.0,7773.0,7919.0,7694.0,7606.0,7293.0,7479.0,7788.0,7381.0,7022.0,7362.0,7193.0,6795.0
2000-03-15,6094.0,5986.0,5985.0,6010.0,6149.0,6618.0,7349.0,7838.0,7892.0,8226.0,8312.0,7920.0,7773.0,7919.0,7694.0,7606.0,7293.0,7479.0,7788.0,7381.0,7022.0,7362.0,7193.0,6795.0
2000-11-03,6244.0,6051.0,6011.0,5949.0,5851.0,5671.0,5558.0,5923.0,6155.0,6276.0,6277.0,6247.0,6146.0,5970.0,5835.0,5731.0,5774.0,6207.0,6647.0,6216.0,5871.0,6098.0,5999.0,5641.0
2000-12-03,5202.0,5036.0,5078.0,5121.0,5110.0,4915.0,4731.0,4903.0,5192.0,5423.0,5528.0,5547.0,5316.0,5116.0,4930.0,4916.0,5206.0,5740.0,6293.0,6119.0,5754.0,6067.0,5930.0,5565.0
2000-03-15,6094.0,5986.0,5985.0,6010.0,6149.0,6618.0,7349.0,7838.0,7892.0,8226.0,8312.0,7920.0,7773.0,7919.0,7694.0,7606.0,7293.0,7479.0,7788.0,7381.0,7022.0,7362.0,7193.0,6795.0
2000-03-15,6094.0,5986.0,5985.0,6010.0,6149.0,6618.0,7349.0,7838.0,7892.0,8226.0,8312.0,7920.0,7773.0,7919.0,7694.0,7606.0,7293.0,7479.0,7788.0,7381.0,7022.0,7362.0,7193.0,6795.0
2000-03-15,6094.0,5986.0,5985.0,6010.0,6149.0,6618.0,7349.0,7838.0,7892.0,8226.0,8312.0,7920.0,7773.0,7919.0,7694.0,7606.0,7293.0,7479.0,7788.0,7381.0,7022.0,7362.0,7193.0,6795.0
2000-03-15,6094.0,5986.0,5985.0,6010.0,6149.0,6618.0,7349.0,7838.0,7892.0,8226.0,8312.0,7920.0,7773.0,7919.0,7694.0,7606.0,7293.0,7479.0,7788.0,7381.0,7022.0,7362.0,7193.0,6795.0
2000-03-15,6094.0,5986.0,5985.0,6010.0,6149.0,6618.0,7349.0,7838.0,7892.0,8226.0,8312.0,7920.0,7773.0,7919.0,7694.0,7606.0,7293.0,7479.0,7788.0,7381.0,7022.0,7362.0,7193.0,6795.0
2000-11-03,6244.0,6051.0,6011.0,5949.0,5851.0,5671.0,5558.0,5923.0,6155.0,6276.0,6277.0,6247.0,6146.0,5970.0,5835.0,5731.0,5774.0,6207.0,6647.0,6216.0,5871.0,6098.0,5999.0,5641.0
2000-12-03,5202.0,5036.0,5078.0,5121.0,5110.0,4915.0,4731.0,4903.0,5192.0,5423.0,5528.0,5547.0,5316.0,5116.0,4930.0,4916.0,5206.0,5740.0,6293.0,6119.0,5754.0,6067.0,5930.0,5565.0
2000-03-15,6094.0,5986.0,5985.0,6010.0,6149.0,6618.0,7349.0,7838.0,7892.0,8226.0,8312.0,7920.0,7773.0,7919.0,7694.0,7606.0,7293.0,7479.0,7788.0,7381.0,7022.0,7362.0,7193.0,6795.0
2000-03-15,6094.0,5986.0,5985.0,6010.0,6149.0,6618.0,7349.0,7838.0,7892.0,8226.0,8312.0,7920.0,7773.0,7919.0,7694.0,7606.0,7293.0,7479.0,7788.0,7381.0,7022.0,7362.0,7193.0,6795.0
2000-03-15,6094.0,5986.0,5985.0,6010.0,6149.0,6618.0,7349.0,7838.0,7892.0,8226.0,8312.0,7920.0,7773.0,7919.0,7694.0,7606.0,7293.0,7479.0,7788.0,7381.0,7022.0,7362.0,7193.0,6795.0
2000-03-15,6094.0,5986.0,5985.0,6010.0,6149.0,6618.0,7349.0,7838.0,7892.0,8226.0,8312.0,7920.0,7773.0,7919.0,7694.0,7606.0,7293.0,7479.0,7788.0,7381.0,7022.0,7362.0,7193.0,6795.0
2000-03-15,6094.0,5986.0,5985.0,6010.0,6149.0,6618.0,7349.0,7838.0,7892.0,8226.0,8312.0,7920.0,7773.0,7919.0,7694.0,7606.0,7293.0,7479.0,7788.0,7381.0,7022.0,7362.0,7193.0,6795.0
2000-11-03,6244.0,6051.0,6011.0,5949.0,5851.0,5671.0,5558.0,5923.0,6155.0,6276.0,6277.0,6247.0,6146.0,5970.0,5835.0,5731.0,5774.0,6207.0,6647.0,6216.0,5871.0,6098.0,5999.0,5641.0
2000-12-03,5202.0,5036.0,5078.0,5121.0,5110.0,4915.0,4731.0,4903.0,5192.0,5423.0,5528.0,5547.0,5316.0,5116.0,4930.0,4916.0,5206.0,5740.0,6293.0,6119.0,5754.0,6067.0,5930.0,5565.0
2000-04-19,6184.0,5961.0,6105.0,5995.0,6168.0,6579.0,7150.0,7876.0,7826.0,8026.0,8076.0,7716.0,7518.0,7648.0,7336.0,7176.0,6979.0,6899.0,6629.0,6744.0,6653.0,6985.0,6639.0,6287.0
2000-04-19,6184.0,5961.0,6105.0,5995.0,6168.0,6579.0,7150.0,7876.0,7826.0,8026.0,8076.0,7716.0,7518.0,7648.0,7336.0,7176.0,6979.0,6899.0,6629.0,6744.0,6653.0,6985.0,6639.0,6287.0
2000-04-19,6184.0,5961.0,6105.0,5995.0,6168.0,6579.0,7150.0,7876.0,7826.0,8026.0,8076.0,7716.0,7518.0,7648.0,7336.0,7176.0,6979.0,6899.0,6629.0,6744.0,6653.0,6985.0,6639.0,6287.0
2000-04-19,6184.0,5961.0,6105.0,5995.0,6168.0,6579.0,7150.0,7876.0,7826.0,8026.0,8076.0,7716.0,7518.0,7648.0,7336.0,7176.0,6979.0,6899.0,6629.0,6744.0,6653.0,6985.0,6639.0,6287.0
2000-04-19,6184.0,5961.0,6105.0,5995.0,6168.0,6579.0,7150.0,7876.0,7826.0,8026.0,8076.0,7716.0,7518.0,7648.0,7336.0,7176.0,6979.0,6899.0,6629.0,6744.0,6653.0,6985.0,6639.0,6287.0
2000-04-15,5807.0,5523.0,5414.0,5307.0,5416.0,5374.0,5507.0,5893.0,6227.0,6466.0,6454.0,6423.0,6247.0,6279.0,6094.0,5862.0,5807.0,5893.0,5864.0,5802.0,5839.0,6275.0,6097.0,5808.0
2000-04-16,5393.0,5456.0,5417.0,5319.0,5215.0,4936.0,4749.0,4925.0,5268.0,5470.0,5522.0,5617.0,5397.0,5259.0,5110.0,5045.0,5256.0,5473.0,5546.0,5707.0,5810.0,6133.0,6007.0,5607.0
2000-04-19,6184.0,5961.0,6105.0,5995.0,6168.0,6579.0,7150.0,7876.0,7826.0,8026.0,8076.0,7716.0,7518.0,7648.0,7336.0,7176.0,6979.0,6899.0,6629.0,6744.0,6653.0,6985.0,6639.0,6287.0
2000-04-19,6184.0,5961.0,6105.0,5995.0,6168.0,6579.0,7150.0,7876.0,7826.0,8026.0,8076.0,7716.0,7518.0,7648.0,7336.0,7176.0,6979.0,6899.0,6629.0,6744.0,6653.0,6985.0,6639.0,6287.0
2000-04-19,6184.0,5961.0,6105.0,5995.0,6168.0,6579.0,7150.0,7876.0,7826.0,8026.0,8076.0,7716.0,7518.0,7648.0,7336.0,7176.0,6979.0,6899.0,6629.0,6744.0,6653.0,6985.0,6639.0,6287.0
2000-04-19,6184.0,5961.0,6105.0,5995.0,6168.0,6579.0,7150.0,7876.0,7826.0,8026.0,8076.0,7716.0,7518.0,7648.0,7336.0,7176.0,6979.0,6899.0,6629.0,6744.0,6653.0,6985.0,6639.0,6287.0
2000-04-19,6184.0,5961.0,6105.0,5995.0,6168.0,6579.0,7150.0,7876.0,7826.0,8026.0,8076.0,7716.0,7518.0,7648.0,7336.0,7176.0,6979.0,6899.0,6629.0,6744.0,6653.0,6985.0,6639.0,6287.0
2000-04-15,5807.0,5523.0,5414.0,5307.0,5416.0,5374.0,5507.0,5893.0,6227.0,6466.0,6454.0,6423.0,6247.0,6279.0,6094.0,5862.0,5807.0,5893.0,5864.0,5802.0,5839.0,6275.0,6097.0,5808.0
2000-04-16,5393.0,5456.0,5417.0,5319.0,5215.0,4936.0,4749.0,4925.0,5268.0,5470.0,5522.0,5617.0,5397.0,5259.0,5110.0,5045.0,5256.0,5473.0,5546.0,5707.0,5810.0,6133.0,6007.0,5607.0
2000-04-19,6184.0,5961.0,6105.0,5995.0,6168.0,6579.0,7150.0,7876.0,7826.0,8026.0,8076.0,7716.0,7518.0,7648.0,7336.0,7176.0,6979.0,6899.0,6629.0,6744.0,6653.0,6985.0,6639.0,6287.0
2000-04-19,6184.0,5961.0,6105.0,5995.0,6168.0,6579.0,7150.0,7876.0,7826.0,8026.0,8076.0,7716.0,7518.0,7648.0,7336.0,7176.0,6979.0,6899.0,6629.0,6744.0,6653.0,6985.0,6639.0,6287.0
2000-04-19,6184.0,5961.0,6105.0,5995.0,6168.0,6579.0,7150.0,7876.0,7826.0,8026.0,8076.0,7716.0,7518.0,7648.0,7336.0,7176.0,6979.0,6899.0,6629.0,6744.0,6653.0,6985.0,6639.0,6287.0
2000-04-19,6184.0,5961.0,6105.0,5995.0,6168.0,6579.0,7150.0,7876.0,7826.0,8026.0,8076.0,7716.0,7518.0,7648.0,7336.0,7176.0,6979.0,6899.0,6629.0,6744.0,6653.0,6985.0,6639.0,6287.0
2000-04-19,6184.0,5961.0,6105.0,5995.0,6168.0,6579.0,7150.0,7876.0,7826.0,8026.0,8076.0,7716.0,7518.0,7648.0,7336.0,7176.0,6979.0,6899.0,6629.0,6744.0,6653.0,6985.0,6639.0,6287.0
2000-04-15,5807.0,5523.0,5414.0,5307.0,5416.0,5374.0,5507.0,5893.0,6227.0,6466.0,6454.0,6423.0,6247.0,6279.0,6094.0,5862.0,5807.0,5893.0,5864.0,5802.0,5839.0,6275.0,6097.0,5808.0
2000-04-16,5393.0,5456.0,5417.0,5319.0,5215.0,4936.0,4749.0,4925.0,5268.0,5470.0,5522.0,5617.0,5397.0,5259.0,5110.0,5045.0,5256.0,5473.0,5546.0,5707.0,5810.0,6133.0,6007.0,5607.0
2000-04-19,6184.0,5961.0,6105.0,5995.0,6168.0,6579.0,7150.0,7876.0,7826.0,8026.0,8076.0,7716.0,7518.0,7648.0,7336.0,7176.0,6979.0,6899.0,6629.0,6744.0,6653.0,6985.0,6639.0,6287.0
2000-04-19,6184.0,5961.0,6105.0,5995.0,6168.0,6579.0,7150.0,7876.0,7826.0,8026.0,8076.0,7716.0,7518.0,7648.0,7336.0,7176.0,6979.0,6899.0,6629.0,6744.0,6653.0,6985.0,6639.0,6287.0
2000-04-19,6184.0,5961.0,6105.0,5995.0,6168.0,6579.0,7150.0,7876.0,7826.0,8026.0,8076.0,7716.0,7518.0,7648.0,7336.0,7176.0,6979.0,6899.0,6629.0,6744.0,6653.0,6985.0,6639.0,6287.0
2000-04-19,6184.0,5961.0,6105.0,5995.0,6168.0,6579.0,7150.0,7876.0,7826.0,8026.0,8076.0,7716.0,7518.0,7648.0,7336.0,7176.0,6979.0,6899.0,6629.0,6744.0,6653.0,6985.0,6639.0,6287.0
2000-04-19,6184.0,5961.0,6105.0,5995.0,6168.0,6579.0,7150.0,7876.0,7826.0,8026.0,8076.0,7716.0,7518.0,7648.0,7336.0,7176.0,6979.0,6899.0,6629.0,6744.0,6653.0,6985.0,6639.0,6287.0
2000-04-15,5807.0,5523.0,5414.0,5307.0,5416.0,5374.0,5507.0,5893.0,6227.0,6466.0,6454.0,6423.0,6247.0,6279.0,6094.0,5862.0,5807.0,5893.0,5864.0,5802.0,5839.0,6275.0,6097.0,5808.0
2000-04-16,5393.0,5456.0,5417.0,5319.0,5215.0,4936.0,4749.0,4925.0,5268.0,5470.0,5522.0,5617.0,5397.0,5259.0,5110.0,5045.0,5256.0,5473.0,5546.0,5707.0,5810.0,6133.0,6007.0,5607.0
2000-05-17,5239.0,5188.0,4905.0,4741.0,4820.0,5514.0,6834.0,7265.0,7586.0,7833.0,7851.0,7410.0,7352.0,7200.0,7328.0,7085.0,6942.0,6835.0,6618.0,6268.0,6214.0,6496.0,6066.0,5560.0
2000-05-17,5239.0,5188.0,4905.0,4741.0,4820.0,5514.0,6834.0,7265.0,7586.0,7833.0,7851.0,7410.0,7352.0,7200.0,7328.0,7085.0,6942.0,6835.0,6618.0,6268.0,6214.0,6496.0,6066.0,5560.0
2000-05-17,5239.0,5188.0,4905.0,4741.0,4820.0,5514.0,6834.0,7265.0,7586.0,7833.0,7851.0,7410.0,7352.0,7200.0,7328.0,7085.0,6942.0,6835.0,6618.0,6268.0,6214.0,6496.0,6066.0,5560.0
2000-05-17,5239.0,5188.0,4905.0,4741.0,4820.0,5514.0,6834.0,7265.0,7586.0,7833.0,7851.0,7410.0,7352.0,7200.0,7328.0,7085.0,6942.0,6835.0,6618.0,6268.0,6214.0,6496.0,6066.0,5560.0
2000-05-17,5239.0,5188.0,4905.0,4741.0,4820.0,5514.0,6834.0,7265.0,7586.0,7833.0,7851.0,7410.0,7352.0,7200.0,7328.0,7085.0,6942.0,6835.0,6618.0,6268.0,6214.0,6496.0,6066.0,5560.0
2000-05-13,5353.0,4983.0,4674.0,4434.0,4219.0,4333.0,4606.0,4982.0,5606.0,5759.0,5875.0,5854.0,5798.0,5561.0,5311.0,5232.0,5042.0,5260.0,5227.0,5029.0,4932.0,5408.0,5316.0,5105.0
2000-05-14,4499.0,4272.0,4104.0,3920.0,3796.0,3774.0,3806.0,4109.0,4476.0,4617.0,4785.0,4823.0,4808.0,4665.0,4605.0,4539.0,4638.0,4781.0,4895.0,4830.0,5379.0,5642.0,5179.0,4730.0
2000-05-17,5239.0,5188.0,4905.0,4741.0,4820.0,5514.0,6834.0,7265.0,7586.0,7833.0,7851.0,7410.0,7352.0,7200.0,7328.0,7085.0,6942.0,6835.0,6618.0,6268.0,6214.0,6496.0,6066.0,5560.0
2000-05-17,5239.0,5188.0,4905.0,4741.0,4820.0,5514.0,6834.0,7265.0,7586.0,7833.0,7851.0,7410.0,7352.0,7200.0,7328.0,7085.0,6942.0,6835.0,6618.0,6268.0,6214.0,6496.0,6066.0,5560.0
2000-05-17,5239.0,5188.0,4905.0,4741.0,4820.0,5514.0,6834.0,7265.0,7586.0,7833.0,7851.0,7410.0,7352.0,7200.0,7328.0,7085.0,6942.0,6835.0,6618.0,6268.0,6214.0,6496.0,6066.0,5560.0
2000-05-17,5239.0,5188.0,4905.0,4741.0,4820.0,5514.0,6834.0,7265.0,7586.0,7833.0,7851.0,7410.0,7352.0,7200.0,7328.0,7085.0,6942.0,6835.0,6618.0,6268.0,6214.0,6496.0,6066.0,5560.0
2000-05-17,5239.0,5188.0,4905.0,4741.0,4820.0,5514.0,6834.0,7265.0,7586.0,7833.0,7851.0,7410.0,7352.0,7200.0,7328.0,7085.0,6942.0,6835.0,6618.0,6268.0,6214.0,6496.0,6066.0,5560.0
2000-05-13,5353.0,4983.0,4674.0,4434.0,4219.0,4333.0,4606.0,4982.0,5606.0,5759.0,5875.0,5854.0,5798.0,5561.0,5311.0,5232.0,5042.0,5260.0,5227.0,5029.0,4932.0,5408.0,5316.0,5105.0
2000-05-14,4499.0,4272.0,4104.0,3920.0,3796.0,3774.0,3806.0,4109.0,4476.0,4617.0,4785.0,4823.0,4808.0,4665.0,4605.0,4539.0,4638.0,4781.0,4895.0,4830.0,5379.0,5642.0,5179.0,4730.0
2000-05-17,5239.0,5188.0,4905.0,4741.0,4820.0,5514.0,6834.0,7265.0,7586.0,7833.0,7851.0,7410.0,7352.0,7200.0,7328.0,7085.0,6942.0,6835.0,6618.0,6268.0,6214.0,6496.0,6066.0,5560.0
2000-05-17,5239.0,5188.0,4905.0,4741.0,4820.0,5514.0,6834.0,7265.0,7586.0,7833.0,7851.0,7410.0,7352.0,7200.0,7328.0,7085.0,6942.0,6835.0,6618.0,6268.0,6214.0,6496.0,6066.0,5560.0
2000-05-17,5239.0,5188.0,4905.0,4741.0,4820.0,5514.0,6834.0,7265.0,7586.0,7833.0,7851.0,7410.0,7352.0,7200.0,7328.0,7085.0,6942.0,6835.0,6618.0,6268.0,6214.0,6496.0,6066.0,5560.0
2000-05-17,5239.0,5188.0,4905.0,4741.0,4820.0,5514.0,6834.0,7265.0,7586.0,7833.0,7851.0,7410.0,7352.0,7200.0,7328.0,7085.0,6942.0,6835.0,6618.0,6268.0,6214.0,6496.0,6066.0,5560.0
2000-05-17,5239.0,5188.0,4905.0,4741.0,4820.0,5514.0,6834.0,7265.0,7586.0,7833.0,7851.0,7410.0,7352.0,7200.0,7328.0,7085.0,6942.0,6835.0,6618.0,6268.0,6214.0,6496.0,6066.0,5560.0
2000-05-13,5353.0,4983.0,4674.0,4434.0,4219.0,4333.0,4606.0,4982.0,5606.0,5759.0,5875.0,5854.0,5798.0,5561.0,5311.0,5232.0,5042.0,5260.0,5227.0,5029.0,4932.0,5408.0,5316.0,5105.0
2000-05-14,4499.0,4272.0,4104.0,3920.0,3796.0,3774.0,3806.0,4109.0,4476.0,4617.0,4785.0,4823.0,4808.0,4665.0,4605.0,4539.0,4638.0,4781.0,4895.0,4830.0,5379.0,5642.0,5179.0,4730.0
2000-05-17,5239.0,5188.0,4905.0,4741.0,4820.0,5514.0,6834.0,7265.0,7586.0,7833.0,7851.0,7410.0,7352.0,7200.0,7328.0,7085.0,6942.0,6835.0,6618.0,6268.0,6214.0,6496.0,6066.0,5560.0
2000-05-17,5239.0,5188.0,4905.0,4741.0,4820.0,5514.0,6834.0,7265.0,7586.0,7833.0,7851.0,7410.0,7352.0,7200.0,7328.0,7085.0,6942.0,6835.0,6618.0,6268.0,6214.0,6496.0,6066.0,5560.0
2000-05-17,5239.0,5188.0,4905.0,4741.0,4820.0,5514.0,6834.0,7265.0,7586.0,7833.0,7851.0,7410.0,7352.0,7200.0,7328.0,7085.0,6942.0,6835.0,6618.0,6268.0,6214.0,6496.0,6066.0,5560.0
2000-05-17,5239.0,5188.0,4905.0,4741.0,4820.0,5514.0,6834.0,7265.0,7586.0,7833.0,7851.0,7410.0,7352.0,7200.0,7328.0,7085.0,6942.0,6835.0,6618.0,6268.0,6214.0,6496.0,6066.0,5560.0
2000-05-17,5239.0,5188.0,4905.0,4741.0,4820.0,5514.0,6834.0,7265.0,7586.0,7833.0,7851.0,7410.0,7352.0,7200.0,7328.0,7085.0,6942.0,6835.0,6618.0,6268.0,6214.0,6496.0,6066.0,5560.0
2000-05-13,5353.0,4983.0,4674.0,4434.0,4219.0,4333.0,4606.0,4982.0,5606.0,5759.0,5875.0,5854.0,5798.0,5561.0,5311.0,5232.0,5042.0,5260.0,5227.0,5029.0,4932.0,5408.0,5316.0,5105.0
2000-05-14,4499.0,4272.0,4104.0,3920.0,3796.0,3774.0,3806.0,4109.0,4476.0,4617.0,4785.0,4823.0,4808.0,4665.0,4605.0,4539.0,4638.0,4781.0,4895.0,4830.0,5379.0,5642.0,5179.0,4730.0
2000-06-21,5409.0,5254.0,4950.0,4730.0,4794.0,5660.0,6719.0,7167.0,7415.0,7779.0,7772.0,7616.0,7517.0,7560.0,7341.0,7216.0,6862.0,6679.0,6337.0,6080.0,5784.0,6626.0,6229.0,5674.0
2000-06-21,5409.0,5254.0,4950.0,4730.0,4794.0,5660.0,6719.0,7167.0,7415.0,7779.0,7772.0,7616.0,7517.0,7560.0,7341.0,7216.0,6862.0,6679.0,6337.0,6080.0,5784.0,6626.0,6229.0,5674.0
2000-06-21,5409.0,5254.0,4950.0,4730.0,4794.0,5660.0,6719.0,7167.0,7415.0,7779.0,7772.0,7616.0,7517.0,7560.0,7341.0,7216.0,6862.0,6679.0,6337.0,6080.0,5784.0,6626.0,6229.0,5674.0
2000-06-21,5409.0,5254.0,4950.0,4730.0,4794.0,5660.0,6719.0,7167.0,7415.0,7779.0,7772.0,7616.0,7517.0,7560.0,7341.0,7216.0,6862.0,6679.0,6337.0,6080.0,5784.0,6626.0,6229.0,5674.0
2000-06-21,5409.0,5254.0,4950.0,4730.0,4794.0,5660.0,6719.0,7167.0,7415.0,7779.0,7772.0,7616.0,7517.0,7560.0,7341.0,7216.0,6862.0,6679.0,6337.0,6080.0,5784.0,6626.0,6229.0,5674.0
2000-06-17,5275.0,5013.0,4750.0,4460.0,4305.0,4457.0,4743.0,5202.0,5548.0,5795.0,5681.0,5765.0,5573.0,5525.0,5492.0,5294.0,5190.0,5221.0,5177.0,4967.0,4898.0,5557.0,5328.0,5060.0
2000-06-18,4624.0,4371.0,4225.0,3948.0,3698.0,3700.0,3956.0,4378.0,4658.0,4785.0,4894.0,4943.0,4869.0,4669.0,4645.0,4590.0,4685.0,4907.0,4998.0,4874.0,4889.0,5585.0,5515.0,4944.0
2000-06-21,5409.0,5254.0,4950.0,4730.0,4794.0,5660.0,6719.0,7167.0,7415.0,7779.0,7772.0,7616.0,7517.0,7560.0,7341.0,7216.0,6862.0,6679.0,6337.0,6080.0,5784.0,6626.0,6229.0,5674.0
2000-06-21,5409.0,5254.0,4950.0,4730.0,4794.0,5660.0,6719.0,7167.0,7415.0,7779.0,7772.0,7616.0,7517.0,7560.0,7341.0,7216.0,6862.0,6679.0,6337.0,6080.0,5784.0,6626.0,6229.0,5674.0
2000-06-21,5409.0,5254.0,4950.0,4730.0,4794.0,5660.0,6719.0,7167.0,7415.0,7779.0,7772.0,7616.0,7517.0,7560.0,7341.0,7216.0,6862.0,6679.0,6337.0,6080.0,5784.0,6626.0,6229.0,5674.0
2000-06-21,5409.0,5254.0,4950.0,4730.0,4794.0,5660.0,6719.0,7167.0,7415.0,7779.0,7772.0,7616.0,7517.0,7560.0,7341.0,7216.0,6862.0,6679.0,6337.0,6080.0,5784.0,6626.0,6229.0,5674.0
2000-06-21,5409.0,5254.0,4950.0,4730.0,4794.0,5660.0,6719.0,7167.0,7415.0,7779.0,7772.0,7616.0,7517.0,7560.0,7341.0,7216.0,6862.0,6679.0,6337.0,6080.0,5784.0,6626.0,6229.0,5674.0
2000-06-17,5275.0,5013.0,4750.0,4460.0,4305.0,4457.0,4743.0,5202.0,5548.0,5795.0,5681.0,5765.0,5573.0,5525.0,5492.0,5294.0,5190.0,5221.0,5177.0,4967.0,4898.0,5557.0,5328.0,5060.0
2000-06-18,4624.0,4371.0,4225.0,3948.0,3698.0,3700.0,3956.0,4378.0,4658.0,4785.0,4894.0,4943.0,4869.0,4669.0,4645.0,4590.0,4685.0,4907.0,4998.0,4874.0,4889.0,5585.0,5515.0,4944.0
2000-06-21,5409.0,5254.0,4950.0,4730.0,4794.0,5660.0,6719.0,7167.0,7415.0,7779.0,7772.0,7616.0,7517.0,7560.0,7341.0,7216.0,6862.0,6679.0,6337.0,6080.0,5784.0,6626.0,6229.0,5674.0
2000-06-21,5409.0,5254.0,4950.0,4730.0,4794.0,5660.0,6719.0,7167.0,7415.0,7779.0,7772.0,7616.0,7517.0,7560.0,7341.0,7216.0,6862.0,6679.0,6337.0,6080.0,5784.0,6626.0,6229.0,5674.0
2000-06-21,5409.0,5254.0,4950.0,4730.0,4794.0,5660.0,6719.0,7167.0,7415.0,7779.0,7772.0,7616.0,7517.0,7560.0,7341.0,7216.0,6862.0,6679.0,6337.0,6080.0,5784.0,6626.0,6229.0,5674.0
2000-06-21,5409.0,5254.0,4950.0,4730.0,4794.0,5660.0,6719.0,7167.0,7415.0,7779.0,7772.0,7616.0,7517.0,7560.0,7341.0,7216.0,6862.0,6679.0,6337.0,6080.0,5784.0,6626.0,6229.0,5674.0
2000-06-21,5409.0,5254.0,4950.0,4730.0,4794.0,5660.0,6719.0,7167.0,7415.0,7779.0,7772.0,7616.0,7517.0,7560.0,7341.0,7216.0,6862.0,6679.0,6337.0,6080.0,5784.0,6626.0,6229.0,5674.0
2000-06-17,5275.0,5013.0,4750.0,4460.0,4305.0,4457.0,4743.0,5202.0,5548.0,5795.0,5681.0,5765.0,5573.0,5525.0,5492.0,5294.0,5190.0,5221.0,5177.0,4967.0,4898.0,5557.0,5328.0,5060.0
2000-06-18,4624.0,4371.0,4225.0,3948.0,3698.0,3700.0,3956.0,4378.0,4658.0,4785.0,4894.0,4943.0,4869.0,4669.0,4645.0,4590.0,4685.0,4907.0,4998.0,4874.0,4889.0,5585.0,5515.0,4944.0
2000-06-21,5409.0,5254.0,4950.0,4730.0,4794.0,5660.0,6719.0,7167.0,7415.0,7779.0,7772.0,7616.0,7517.0,7560.0,7341.0,7216.0,6862.0,6679.0,6337.0,6080.0,5784.0,6626.0,6229.0,5674.0
2000-06-21,5409.0,5254.0,4950.0,4730.0,4794.0,5660.0,6719.0,7167.0,7415.0,7779.0,7772.0,7616.0,7517.0,7560.0,7341.0,7216.0,6862.0,6679.0,6337.0,6080.0,5784.0,6626.0,6229.0,5674.0
2000-06-21,5409.0,5254.0,4950.0,4730.0,4794.0,5660.0,6719.0,7167.0,7415.0,7779.0,7772.0,7616.0,7517.0,7560.0,7341.0,7216.0,6862.0,6679.0,6337.0,6080.0,5784.0,6626.0,6229.0,5674.0
2000-06-21,5409.0,5254.0,4950.0,4730.0,4794.0,5660.0,6719.0,7167.0,7415.0,7779.0,7772.0,7616.0,7517.0,7560.0,7341.0,7216.0,6862.0,6679.0,6337.0,6080.0,5784.0,6626.0,6229.0,5674.0
2000-06-21,5409.0,5254.0,4950.0,4730.0,4794.0,5660.0,6719.0,7167.0,7415.0,7779.0,7772.0,7616.0,7517.0,7560.0,7341.0,7216.0,6862.0,6679.0,6337.0,6080.0,5784.0,6626.0,6229.0,5674.0
2000-06-17,5275.0,5013.0,4750.0,4460.0,4305.0,4457.0,4743.0,5202.0,5548.0,5795.0,5681.0,5765.0,5573.0,5525.0,5492.0,5294.0,5190.0,5221.0,5177.0,4967.0,4898.0,5557.0,5328.0,5060.0
2000-06-18,4624.0,4371.0,4225.0,3948.0,3698.0,3700.0,3956.0,4378.0,4658.0,4785.0,4894.0,4943.0,4869.0,4669.0,4645.0,4590.0,4685.0,4907.0,4998.0,4874.0,4889.0,5585.0,5515.0,4944.0
2000-07-19,5125.0,4808.0,4674.0,4428.0,4515.0,5198.0,5912.0,6588.0,6791.0,6837.0,7141.0,6708.0,6541.0,6485.0,6490.0,6633.0,6158.0,6149.0,5792.0,5566.0,5429.0,6150.0,5984.0,5580.0
2000-07-19,5125.0,4808.0,4674.0,4428.0,4515.0,5198.0,5912.0,6588.0,6791.0,6837.0,7141.0,6708.0,6541.0,6485.0,6490.0,6633.0,6158.0,6149.0,5792.0,5566.0,5429.0,6150.0,5984.0,5580.0
2000-07-19,5125.0,4808.0,4674.0,4428.0,4515.0,5198.0,5912.0,6588.0,6791.0,6837.0,7141.0,6708.0,6541.0,6485.0,6490.0,6633.0,6158.0,6149.0,5792.0,5566.0,5429.0,6150.0,5984.0,5580.0
2000-07-19,5125.0,4808.0,4674.0,4428.0,4515.0,5198.0,5912.0,6588.0,6791.0,6837.0,7141.0,6708.0,6541.0,6485.0,6490.0,6633.0,6158.0,6149.0,5792.0,5566.0,5429.0,6150.0,5984.0,5580.0
2000-07-19,5125.0,4808.0,4674.0,4428.0,4515.0,5198.0,5912.0,6588.0,6791.0,6837.0,7141.0,6708.0,6541.0,6485.0,6490.0,6633.0,6158.0,6149.0,5792.0,5566.0,5429.0,6150.0,5984.0,5580.0
2000-07-15,4996.0,4783.0,4698.0,4459.0,4377.0,4534.0,4740.0,5089.0,5434.0,5629.0,5743.0,5812.0,5619.0,5475.0,5393.0,5301.0,5297.0,5397.0,5206.0,5036.0,5025.0,5326.0,5278.0,4938.0
2000-07-16,4473.0,4277.0,4206.0,4024.0,3934.0,3845.0,3947.0,4206.0,4572.0,4737.0,4856.0,5037.0,4763.0,4631.0,4506.0,4461.0,4573.0,4764.0,4755.0,4600.0,4707.0,5187.0,5035.0,4682.0
2000-07-19,5125.0,4808.0,4674.0,4428.0,4515.0,5198.0,5912.0,6588.0,6791.0,6837.0,7141.0,6708.0,6541.0,6485.0,6490.0,6633.0,6158.0,6149.0,5792.0,5566.0,5429.0,6150.0,5984.0,5580.0
2000-07-19,5125.0,4808.0,4674.0,4428.0,4515.0,5198.0,5912.0,6588.0,6791.0,6837.0,7141.0,6708.0,6541.0,6485.0,6490.0,6633.0,6158.0,6149.0,5792.0,5566.0,5429.0,6150.0,5984.0,5580.0
2000-07-19,5125.0,4808.0,4674.0,4428.0,4515.0,5198.0,5912.0,6588.0,6791.0,6837.0,7141.0,6708.0,6541.0,6485.0,6490.0,6633.0,6158.0,6149.0,5792.0,5566.0,5429.0,6150.0,5984.0,5580.0
2000-07-19,5125.0,4808.0,4674.0,4428.0,4515.0,5198.0,5912.0,6588.0,6791.0,6837.0,7141.0,6708.0,6541.0,6485.0,6490.0,6633.0,6158.0,6149.0,5792.0,5566.0,5429.0,6150.0,5984.0,5580.0
2000-07-19,5125.0,4808.0,4674.0,4428.0,4515.0,5198.0,5912.0,6588.0,6791.0,6837.0,7141.0,6708.0,6541.0,6485.0,6490.0,6633.0,6158.0,6149.0,5792.0,5566.0,5429.0,6150.0,5984.0,5580.0
2000-07-15,4996.0,4783.0,4698.0,4459.0,4377.0,4534.0,4740.0,5089.0,5434.0,5629.0,5743.0,5812.0,5619.0,5475.0,5393.0,5301.0,5297.0,5397.0,5206.0,5036.0,5025.0,5326.0,5278.0,4938.0
2000-07-16,4473.0,4277.0,4206.0,4024.0,3934.0,3845.0,3947.0,4206.0,4572.0,4737.0,4856.0,5037.0,4763.0,4631.0,4506.0,4461.0,4573.0,4764.0,4755.0,4600.0,4707.0,5187.0,5035.0,4682.0
2000-07-19,5125.0,4808.0,4674.0,4428.0,4515.0,5198.0,5912.0,6588.0,6791.0,6837.0,7141.0,6708.0,6541.0,6485.0,6490.0,6633.0,6158.0,6149.0,5792.0,5566.0,5429.0,6150.0,5984.0,5580.0
2000-07-19,5125.0,4808.0,4674.0,4428.0,4515.0,5198.0,5912.0,6588.0,6791.0,6837.0,7141.0,6708.0,6541.0,6485.0,6490.0,6633.0,6158.0,6149.0,5792.0,5566.0,5429.0,6150.0,5984.0,5580.0
2000-07-19,5125.0,4808.0,4674.0,4428.0,4515.0,5198.0,5912.0,6588.0,6791.0,6837.0,7141.0,6708.0,6541.0,6485.0,6490.0,6633.0,6158.0,6149.0,5792.0,5566.0,5429.0,6150.0,5984.0,5580.0
2000-07-19,5125.0,4808.0,4674.0,4428.0,4515.0,5198.0,5912.0,6588.0,6791.0,6837.0,7141.0,6708.0,6541.0,6485.0,6490.0,6633.0,6158.0,6149.0,5792.0,5566.0,5429.0,6150.0,5984.0,5580.0
2000-07-19,5125.0,4808.0,4674.0,4428.0,4515.0,5198.0,5912.0,6588.0,6791.0,6837.0,7141.0,6708.0,6541.0,6485.0,6490.0,6633.0,6158.0,6149.0,5792.0,5566.0,5429.0,6150.0,5984.0,5580.0
2000-07-15,4996.0,4783.0,4698.0,4459.0,4377.0,4534.0,4740.0,5089.0,5434.0,5629.0,5743.0,5812.0,5619.0,5475.0,5393.0,5301.0,5297.0,5397.0,5206.0,5036.0,5025.0,5326.0,5278.0,4938.0
2000-07-16,4473.0,4277.0,4206.0,4024.0,3934.0,3845.0,3947.0,4206.0,4572.0,4737.0,4856.0,5037.0,4763.0,4631.0,4506.0,4461.0,4573.0,4764.0,4755.0,4600.0,4707.0,5187.0,5035.0,4682.0
2000-07-19,5125.0,4808.0,4674.0,4428.0,4515.0,5198.0,5912.0,6588.0,6791.0,6837.0,7141.0,6708.0,6541.0,6485.0,6490.0,6633.0,6158.0,6149.0,5792.0,5566.0,5429.0,6150.0,5984.0,5580.0
2000-07-19,5125.0,4808.0,4674.0,4428.0,4515.0,5198.0,5912.0,6588.0,6791.0,6837.0,7141.0,6708.0,6541.0,6485.0,6490.0,6633.0,6158.0,6149.0,5792.0,5566.0,5429.0,6150.0,5984.0,5580.0
2000-07-19,5125.0,4808.0,4674.0,4428.0,4515.0,5198.0,5912.0,6588.0,6791.0,6837.0,7141.0,6708.0,6541.0,6485.0,6490.0,6633.0,6158.0,6149.0,5792.0,5566.0,5429.0,6150.0,5984.0,5580.0
2000-07-19,5125.0,4808.0,4674.0,4428.0,4515.0,5198.0,5912.0,6588.0,6791.0,6837.0,7141.0,6708.0,6541.0,6485.0,6490.0,6633.0,6158.0,6149.0,5792.0,5566.0,5429.0,6150.0,5984.0,5580.0
2000-07-19,5125.0,4808.0,4674.0,4428.0,4515.0,5198.0,5912.0,6588.0,6791.0,6837.0,7141.0,6708.0,6541.0,6485.0,6490.0,6633.0,6158.0,6149.0,5792.0,5566.0,5429.0,6150.0,5984.0,5580.0
2000-07-15,4996.0,4783.0,4698.0,4459.0,4377.0,4534.0,4740.0,5089.0,5434.0,5629.0,5743.0,5812.0,5619.0,5475.0,5393.0,5301.0,5297.0,5397.0,5206.0,5036.0,5025.0,5326.0,5278.0,4938.0
2000-07-16,4473.0,4277.0,4206.0,4024.0,3934.0,3845.0,3947.0,4206.0,4572.0,4737.0,4856.0,5037.0,4763.0,4631.0,4506.0,4461.0,4573.0,4764.0,4755.0,4600.0,4707.0,5187.0,5035.0,4682.0
2000-08-16,5025.0,4878.0,4744.0,4360.0,4551.0,5409.0,6260.0,6874.0,7147.0,7536.0,7702.0,7361.0,7201.0,7287.0,7057.0,7084.0,6748.0,6481.0,6146.0,5948.0,6029.0,6320.0,6052.0,5599.0
2000-08-16,5025.0,4878.0,4744.0,4360.0,4551.0,5409.0,6260.0,6874.0,7147.0,7536.0,7702.0,7361.0,7201.0,7287.0,7057.0,7084.0,6748.0,6481.0,6146.0,5948.0,6029.0,6320.0,6052.0,5599.0
2000-08-16,5025.0,4878.0,4744.0,4360.0,4551.0,5409.0,6260.0,6874.0,7147.0,7536.0,7702.0,7361.0,7201.0,7287.0,7057.0,7084.0,6748.0,6481.0,6146.0,5948.0,6029.0,6320.0,6052.0,5599.0
2000-08-16,5025.0,4878.0,4744.0,4360.0,4551.0,5409.0,6260.0,6874.0,7147.0,7536.0,7702.0,7361.0,7201.0,7287.0,7057.0,7084.0,6748.0,6481.0,6146.0,5948.0,6029.0,6320.0,6052.0,5599.0
2000-08-16,5025.0,4878.0,4744.0,4360.0,4551.0,5409.0,6260.0,6874.0,7147.0,7536.0,7702.0,7361.0,7201.0,7287.0,7057.0,7084.0,6748.0,6481.0,6146.0,5948.0,6029.0,6320.0,6052.0,5599.0
2000-12-08,5308.0,5109.0,4827.0,4407.0,4447.0,4618.0,4986.0,5434.0,5825.0,5960.0,6063.0,6019.0,5957.0,5795.0,5601.0,5070.0,4513.0,4468.0,4521.0,4329.0,4527.0,4823.0,4659.0,4900.0
2000-08-13,4541.0,4268.0,5120.0,3848.0,3664.0,3746.0,3830.0,4212.0,4494.0,4753.0,4811.0,4762.0,4643.0,4648.0,4547.0,4561.0,4653.0,4935.0,4856.0,4841.0,5132.0,5436.0,5142.0,4892.0
2000-08-16,5025.0,4878.0,4744.0,4360.0,4551.0,5409.0,6260.0,6874.0,7147.0,7536.0,7702.0,7361.0,7201.0,7287.0,7057.0,7084.0,6748.0,6481.0,6146.0,5948.0,6029.0,6320.0,6052.0,5599.0
2000-08-16,5025.0,4878.0,4744.0,4360.0,4551.0,5409.0,6260.0,6874.0,7147.0,7536.0,7702.0,7361.0,7201.0,7287.0,7057.0,7084.0,6748.0,6481.0,6146.0,5948.0,6029.0,6320.0,6052.0,5599.0
2000-08-16,5025.0,4878.0,4744.0,4360.0,4551.0,5409.0,6260.0,6874.0,7147.0,7536.0,7702.0,7361.0,7201.0,7287.0,7057.0,7084.0,6748.0,6481.0,6146.0,5948.0,6029.0,6320.0,6052.0,5599.0
2000-08-16,5025.0,4878.0,4744.0,4360.0,4551.0,5409.0,6260.0,6874.0,7147.0,7536.0,7702.0,7361.0,7201.0,7287.0,7057.0,7084.0,6748.0,6481.0,6146.0,5948.0,6029.0,6320.0,6052.0,5599.0
2000-08-16,5025.0,4878.0,4744.0,4360.0,4551.0,5409.0,6260.0,6874.0,7147.0,7536.0,7702.0,7361.0,7201.0,7287.0,7057.0,7084.0,6748.0,6481.0,6146.0,5948.0,6029.0,6320.0,6052.0,5599.0
2000-12-08,5308.0,5109.0,4827.0,4407.0,4447.0,4618.0,4986.0,5434.0,5825.0,5960.0,6063.0,6019.0,5957.0,5795.0,5601.0,5070.0,4513.0,4468.0,4521.0,4329.0,4527.0,4823.0,4659.0,4900.0
2000-08-13,4541.0,4268.0,5120.0,3848.0,3664.0,3746.0,3830.0,4212.0,4494.0,4753.0,4811.0,4762.0,4643.0,4648.0,4547.0,4561.0,4653.0,4935.0,4856.0,4841.0,5132.0,5436.0,5142.0,4892.0
2000-08-16,5025.0,4878.0,4744.0,4360.0,4551.0,5409.0,6260.0,6874.0,7147.0,7536.0,7702.0,7361.0,7201.0,7287.0,7057.0,7084.0,6748.0,6481.0,6146.0,5948.0,6029.0,6320.0,6052.0,5599.0
2000-08-16,5025.0,4878.0,4744.0,4360.0,4551.0,5409.0,6260.0,6874.0,7147.0,7536.0,7702.0,7361.0,7201.0,7287.0,7057.0,7084.0,6748.0,6481.0,6146.0,5948.0,6029.0,6320.0,6052.0,5599.0
2000-08-16,5025.0,4878.0,4744.0,4360.0,4551.0,5409.0,6260.0,6874.0,7147.0,7536.0,7702.0,7361.0,7201.0,7287.0,7057.0,7084.0,6748.0,6481.0,6146.0,5948.0,6029.0,6320.0,6052.0,5599.0
2000-08-16,5025.0,4878.0,4744.0,4360.0,4551.0,5409.0,6260.0,6874.0,7147.0,7536.0,7702.0,7361.0,7201.0,7287.0,7057.0,7084.0,6748.0,6481.0,6146.0,5948.0,6029.0,6320.0,6052.0,5599.0
2000-08-16,5025.0,4878.0,4744.0,4360.0,4551.0,5409.0,6260.0,6874.0,7147.0,7536.0,7702.0,7361.0,7201.0,7287.0,7057.0,7084.0,6748.0,6481.0,6146.0,5948.0,6029.0,6320.0,6052.0,5599.0
2000-12-08,5308.0,5109.0,4827.0,4407.0,4447.0,4618.0,4986.0,5434.0,5825.0,5960.0,6063.0,6019.0,5957.0,5795.0,5601.0,5070.0,4513.0,4468.0,4521.0,4329.0,4527.0,4823.0,4659.0,4900.0
2000-08-13,4541.0,4268.0,5120.0,3848.0,3664.0,3746.0,3830.0,4212.0,4494.0,4753.0,4811.0,4762.0,4643.0,4648.0,4547.0,4561.0,4653.0,4935.0,4856.0,4841.0,5132.0,5436.0,5142.0,4892.0
2000-08-16,5025.0,4878.0,4744.0,4360.0,4551.0,5409.0,6260.0,6874.0,7147.0,7536.0,7702.0,7361.0,7201.0,7287.0,7057.0,7084.0,6748.0,6481.0,6146.0,5948.0,6029.0,6320.0,6052.0,5599.0
2000-08-16,5025.0,4878.0,4744.0,4360.0,4551.0,5409.0,6260.0,6874.0,7147.0,7536.0,7702.0,7361.0,7201.0,7287.0,7057.0,7084.0,6748.0,6481.0,6146.0,5948.0,6029.0,6320.0,6052.0,5599.0
2000-08-16,5025.0,4878.0,4744.0,4360.0,4551.0,5409.0,6260.0,6874.0,7147.0,7536.0,7702.0,7361.0,7201.0,7287.0,7057.0,7084.0,6748.0,6481.0,6146.0,5948.0,6029.0,6320.0,6052.0,5599.0
2000-08-16,5025.0,4878.0,4744.0,4360.0,4551.0,5409.0,6260.0,6874.0,7147.0,7536.0,7702.0,7361.0,7201.0,7287.0,7057.0,7084.0,6748.0,6481.0,6146.0,5948.0,6029.0,6320.0,6052.0,5599.0
2000-08-16,5025.0,4878.0,4744.0,4360.0,4551.0,5409.0,6260.0,6874.0,7147.0,7536.0,7702.0,7361.0,7201.0,7287.0,7057.0,7084.0,6748.0,6481.0,6146.0,5948.0,6029.0,6320.0,6052.0,5599.0
2000-12-08,5308.0,5109.0,4827.0,4407.0,4447.0,4618.0,4986.0,5434.0,5825.0,5960.0,6063.0,6019.0,5957.0,5795.0,5601.0,5070.0,4513.0,4468.0,4521.0,4329.0,4527.0,4823.0,4659.0,4900.0
2000-08-13,4541.0,4268.0,5120.0,3848.0,3664.0,3746.0,3830.0,4212.0,4494.0,4753.0,4811.0,4762.0,4643.0,4648.0,4547.0,4561.0,4653.0,4935.0,4856.0,4841.0,5132.0,5436.0,5142.0,4892.0
2000-09-20,5506.0,5205.0,5038.0,4797.0,4831.0,5787.0,6798.0,7560.0,7389.0,7719.0,8015.0,7561.0,7497.0,7476.0,7640.0,7617.0,7497.0,7430.0,7165.0,6692.0,6283.0,6553.0,6209.0,5418.0
2000-09-20,5506.0,5205.0,5038.0,4797.0,4831.0,5787.0,6798.0,7560.0,7389.0,7719.0,8015.0,7561.0,7497.0,7476.0,7640.0,7617.0,7497.0,7430.0,7165.0,6692.0,6283.0,6553.0,6209.0,5418.0
2000-09-20,5506.0,5205.0,5038.0,4797.0,4831.0,5787.0,6798.0,7560.0,7389.0,7719.0,8015.0,7561.0,7497.0,7476.0,7640.0,7617.0,7497.0,7430.0,7165.0,6692.0,6283.0,6553.0,6209.0,5418.0
2000-09-20,5506.0,5205.0,5038.0,4797.0,4831.0,5787.0,6798.0,7560.0,7389.0,7719.0,8015.0,7561.0,7497.0,7476.0,7640.0,7617.0,7497.0,7430.0,7165.0,6692.0,6283.0,6553.0,6209.0,5418.0
2000-09-20,5506.0,5205.0,5038.0,4797.0,4831.0,5787.0,6798.0,7560.0,7389.0,7719.0,8015.0,7561.0,7497.0,7476.0,7640.0,7617.0,7497.0,7430.0,7165.0,6692.0,6283.0,6553.0,6209.0,5418.0
2000-09-16,5367.0,5123.0,4963.0,4588.0,4552.0,4916.0,5185.0,5662.0,5837.0,6151.0,6137.0,6046.0,5992.0,5977.0,5768.0,5608.0,5537.0,5595.0,5597.0,5749.0,5484.0,5799.0,5587.0,5137.0
2000-09-17,4731.0,4453.0,4358.0,4113.0,3967.0,4032.0,4258.0,4521.0,4829.0,4993.0,5164.0,5137.0,5001.0,4848.0,4721.0,4709.0,4856.0,5206.0,5324.0,5541.0,5431.0,5749.0,5394.0,4984.0
2000-09-20,5506.0,5205.0,5038.0,4797.0,4831.0,5787.0,6798.0,7560.0,7389.0,7719.0,8015.0,7561.0,7497.0,7476.0,7640.0,7617.0,7497.0,7430.0,7165.0,6692.0,6283.0,6553.0,6209.0,5418.0
2000-09-20,5506.0,5205.0,5038.0,4797.0,4831.0,5787.0,6798.0,7560.0,7389.0,7719.0,8015.0,7561.0,7497.0,7476.0,7640.0,7617.0,7497.0,7430.0,7165.0,6692.0,6283.0,6553.0,6209.0,5418.0
2000-09-20,5506.0,5205.0,5038.0,4797.0,4831.0,5787.0,6798.0,7560.0,7389.0,7719.0,8015.0,7561.0,7497.0,7476.0,7640.0,7617.0,7497.0,7430.0,7165.0,6692.0,6283.0,6553.0,6209.0,5418.0
2000-09-20,5506.0,5205.0,5038.0,4797.0,4831.0,5787.0,6798.0,7560.0,7389.0,7719.0,8015.0,7561.0,7497.0,7476.0,7640.0,7617.0,7497.0,7430.0,7165.0,6692.0,6283.0,6553.0,6209.0,5418.0
2000-09-20,5506.0,5205.0,5038.0,4797.0,4831.0,5787.0,6798.0,7560.0,7389.0,7719.0,8015.0,7561.0,7497.0,7476.0,7640.0,7617.0,7497.0,7430.0,7165.0,6692.0,6283.0,6553.0,6209.0,5418.0
2000-09-16,5367.0,5123.0,4963.0,4588.0,4552.0,4916.0,5185.0,5662.0,5837.0,6151.0,6137.0,6046.0,5992.0,5977.0,5768.0,5608.0,5537.0,5595.0,5597.0,5749.0,5484.0,5799.0,5587.0,5137.0
2000-09-17,4731.0,4453.0,4358.0,4113.0,3967.0,4032.0,4258.0,4521.0,4829.0,4993.0,5164.0,5137.0,5001.0,4848.0,4721.0,4709.0,4856.0,5206.0,5324.0,5541.0,5431.0,5749.0,5394.0,4984.0
2000-09-20,5506.0,5205.0,5038.0,4797.0,4831.0,5787.0,6798.0,7560.0,7389.0,7719.0,8015.0,7561.0,7497.0,7476.0,7640.0,7617.0,7497.0,7430.0,7165.0,6692.0,6283.0,6553.0,6209.0,5418.0
2000-09-20,5506.0,5205.0,5038.0,4797.0,4831.0,5787.0,6798.0,7560.0,7389.0,7719.0,8015.0,7561.0,7497.0,7476.0,7640.0,7617.0,7497.0,7430.0,7165.0,6692.0,6283.0,6553.0,6209.0,5418.0
2000-09-20,5506.0,5205.0,5038.0,4797.0,4831.0,5787.0,6798.0,7560.0,7389.0,7719.0,8015.0,7561.0,7497.0,7476.0,7640.0,7617.0,7497.0,7430.0,7165.0,6692.0,6283.0,6553.0,6209.0,5418.0
2000-09-20,5506.0,5205.0,5038.0,4797.0,4831.0,5787.0,6798.0,7560.0,7389.0,7719.0,8015.0,7561.0,7497.0,7476.0,7640.0,7617.0,7497.0,7430.0,7165.0,6692.0,6283.0,6553.0,6209.0,5418.0
2000-09-20,5506.0,5205.0,5038.0,4797.0,4831.0,5787.0,6798.0,7560.0,7389.0,7719.0,8015.0,7561.0,7497.0,7476.0,7640.0,7617.0,7497.0,7430.0,7165.0,6692.0,6283.0,6553.0,6209.0,5418.0
2000-09-16,5367.0,5123.0,4963.0,4588.0,4552.0,4916.0,5185.0,5662.0,5837.0,6151.0,6137.0,6046.0,5992.0,5977.0,5768.0,5608.0,5537.0,5595.0,5597.0,5749.0,5484.0,5799.0,5587.0,5137.0
2000-09-17,4731.0,4453.0,4358.0,4113.0,3967.0,4032.0,4258.0,4521.0,4829.0,4993.0,5164.0,5137.0,5001.0,4848.0,4721.0,4709.0,4856.0,5206.0,5324.0,5541.0,5431.0,5749.0,5394.0,4984.0
2000-09-20,5506.0,5205.0,5038.0,4797.0,4831.0,5787.0,6798.0,7560.0,7389.0,7719.0,8015.0,7561.0,7497.0,7476.0,7640.0,7617.0,7497.0,7430.0,7165.0,6692.0,6283.0,6553.0,6209.0,5418.0
2000-09-20,5506.0,5205.0,5038.0,4797.0,4831.0,5787.0,6798.0,7560.0,7389.0,7719.0,8015.0,7561.0,7497.0,7476.0,7640.0,7617.0,7497.0,7430.0,7165.0,6692.0,6283.0,6553.0,6209.0,5418.0
2000-09-20,5506.0,5205.0,5038.0,4797.0,4831.0,5787.0,6798.0,7560.0,7389.0,7719.0,8015.0,7561.0,7497.0,7476.0,7640.0,7617.0,7497.0,7430.0,7165.0,6692.0,6283.0,6553.0,6209.0,5418.0
2000-09-20,5506.0,5205.0,5038.0,4797.0,4831.0,5787.0,6798.0,7560.0,7389.0,7719.0,8015.0,7561.0,7497.0,7476.0,7640.0,7617.0,7497.0,7430.0,7165.0,6692.0,6283.0,6553.0,6209.0,5418.0
2000-09-20,5506.0,5205.0,5038.0,4797.0,4831.0,5787.0,6798.0,7560.0,7389.0,7719.0,8015.0,7561.0,7497.0,7476.0,7640.0,7617.0,7497.0,7430.0,7165.0,6692.0,6283.0,6553.0,6209.0,5418.0
2000-09-16,5367.0,5123.0,4963.0,4588.0,4552.0,4916.0,5185.0,5662.0,5837.0,6151.0,6137.0,6046.0,5992.0,5977.0,5768.0,5608.0,5537.0,5595.0,5597.0,5749.0,5484.0,5799.0,5587.0,5137.0
2000-09-17,4731.0,4453.0,4358.0,4113.0,3967.0,4032.0,4258.0,4521.0,4829.0,4993.0,5164.0,5137.0,5001.0,4848.0,4721.0,4709.0,4856.0,5206.0,5324.0,5541.0,5431.0,5749.0,5394.0,4984.0
2000-10-18,5523.0,5362.0,5283.0,5245.0,5690.0,6289.0,7136.0,7735.0,7711.0,7965.0,8063.0,7467.0,7422.0,7469.0,7416.0,7363.0,7070.0,7189.0,7419.0,7020.0,6634.0,6796.0,6580.0,5695.0
2000-10-18,5523.0,5362.0,5283.0,5245.0,5690.0,6289.0,7136.0,7735.0,7711.0,7965.0,8063.0,7467.0,7422.0,7469.0,7416.0,7363.0,7070.0,7189.0,7419.0,7020.0,6634.0,6796.0,6580.0,5695.0
2000-10-18,5523.0,5362.0,5283.0,5245.0,5690.0,6289.0,7136.0,7735.0,7711.0,7965.0,8063.0,7467.0,7422.0,7469.0,7416.0,7363.0,7070.0,7189.0,7419.0,7020.0,6634.0,6796.0,6580.0,5695.0
2000-10-18,5523.0,5362.0,5283.0,5245.0,5690.0,6289.0,7136.0,7735.0,7711.0,7965.0,8063.0,7467.0,7422.0,7469.0,7416.0,7363.0,7070.0,7189.0,7419.0,7020.0,6634.0,6796.0,6580.0,5695.0
2000-10-18,5523.0,5362.0,5283.0,5245.0,5690.0,6289.0,7136.0,7735.0,7711.0,7965.0,8063.0,7467.0,7422.0,7469.0,7416.0,7363.0,7070.0,7189.0,7419.0,7020.0,6634.0,6796.0,6580.0,5695.0
2000-10-14,5545.0,5358.0,5263.0,5175.0,5267.0,5308.0,5501.0,5763.0,6071.0,6354.0,6312.0,6222.0,6147.0,6178.0,5934.0,5948.0,5913.0,6236.0,6433.0,6100.0,5699.0,6021.0,5860.0,5347.0
2000-10-15,4764.0,4668.0,4480.0,4449.0,4590.0,4622.0,4552.0,4734.0,5173.0,5300.0,5617.0,5632.0,5281.0,5099.0,5099.0,5205.0,5270.0,5750.0,6094.0,5804.0,5555.0,6047.0,5561.0,4916.0
2000-10-18,5523.0,5362.0,5283.0,5245.0,5690.0,6289.0,7136.0,7735.0,7711.0,7965.0,8063.0,7467.0,7422.0,7469.0,7416.0,7363.0,7070.0,7189.0,7419.0,7020.0,6634.0,6796.0,6580.0,5695.0
2000-10-18,5523.0,5362.0,5283.0,5245.0,5690.0,6289.0,7136.0,7735.0,7711.0,7965.0,8063.0,7467.0,7422.0,7469.0,7416.0,7363.0,7070.0,7189.0,7419.0,7020.0,6634.0,6796.0,6580.0,5695.0
2000-10-18,5523.0,5362.0,5283.0,5245.0,5690.0,6289.0,7136.0,7735.0,7711.0,7965.0,8063.0,7467.0,7422.0,7469.0,7416.0,7363.0,7070.0,7189.0,7419.0,7020.0,6634.0,6796.0,6580.0,5695.0
2000-10-18,5523.0,5362.0,5283.0,5245.0,5690.0,6289.0,7136.0,7735.0,7711.0,7965.0,8063.0,7467.0,7422.0,7469.0,7416.0,7363.0,7070.0,7189.0,7419.0,7020.0,6634.0,6796.0,6580.0,5695.0
2000-10-18,5523.0,5362.0,5283.0,5245.0,5690.0,6289.0,7136.0,7735.0,7711.0,7965.0,8063.0,7467.0,7422.0,7469.0,7416.0,7363.0,7070.0,7189.0,7419.0,7020.0,6634.0,6796.0,6580.0,5695.0
2000-10-14,5545.0,5358.0,5263.0,5175.0,5267.0,5308.0,5501.0,5763.0,6071.0,6354.0,6312.0,6222.0,6147.0,6178.0,5934.0,5948.0,5913.0,6236.0,6433.0,6100.0,5699.0,6021.0,5860.0,5347.0
2000-10-15,4764.0,4668.0,4480.0,4449.0,4590.0,4622.0,4552.0,4734.0,5173.0,5300.0,5617.0,5632.0,5281.0,5099.0,5099.0,5205.0,5270.0,5750.0,6094.0,5804.0,5555.0,6047.0,5561.0,4916.0
2000-10-18,5523.0,5362.0,5283.0,5245.0,5690.0,6289.0,7136.0,7735.0,7711.0,7965.0,8063.0,7467.0,7422.0,7469.0,7416.0,7363.0,7070.0,7189.0,7419.0,7020.0,6634.0,6796.0,6580.0,5695.0
2000-10-18,5523.0,5362.0,5283.0,5245.0,5690.0,6289.0,7136.0,7735.0,7711.0,7965.0,8063.0,7467.0,7422.0,7469.0,7416.0,7363.0,7070.0,7189.0,7419.0,7020.0,6634.0,6796.0,6580.0,5695.0
2000-10-18,5523.0,5362.0,5283.0,5245.0,5690.0,6289.0,7136.0,7735.0,7711.0,7965.0,8063.0,7467.0,7422.0,7469.0,7416.0,7363.0,7070.0,7189.0,7419.0,7020.0,6634.0,6796.0,6580.0,5695.0
2000-10-18,5523.0,5362.0,5283.0,5245.0,5690.0,6289.0,7136.0,7735.0,7711.0,7965.0,8063.0,7467.0,7422.0,7469.0,7416.0,7363.0,7070.0,7189.0,7419.0,7020.0,6634.0,6796.0,6580.0,5695.0
2000-10-18,5523.0,5362.0,5283.0,5245.0,5690.0,6289.0,7136.0,7735.0,7711.0,7965.0,8063.0,7467.0,7422.0,7469.0,7416.0,7363.0,7070.0,7189.0,7419.0,7020.0,6634.0,6796.0,6580.0,5695.0
2000-10-14,5545.0,5358.0,5263.0,5175.0,5267.0,5308.0,5501.0,5763.0,6071.0,6354.0,6312.0,6222.0,6147.0,6178.0,5934.0,5948.0,5913.0,6236.0,6433.0,6100.0,5699.0,6021.0,5860.0,5347.0
2000-10-15,4764.0,4668.0,4480.0,4449.0,4590.0,4622.0,4552.0,4734.0,5173.0,5300.0,5617.0,5632.0,5281.0,5099.0,5099.0,5205.0,5270.0,5750.0,6094.0,5804.0,5555.0,6047.0,5561.0,4916.0
2000-10-18,5523.0,5362.0,5283.0,5245.0,5690.0,6289.0,7136.0,7735.0,7711.0,7965.0,8063.0,7467.0,7422.0,7469.0,7416.0,7363.0,7070.0,7189.0,7419.0,7020.0,6634.0,6796.0,6580.0,5695.0
2000-10-18,5523.0,5362.0,5283.0,5245.0,5690.0,6289.0,7136.0,7735.0,7711.0,7965.0,8063.0,7467.0,7422.0,7469.0,7416.0,7363.0,7070.0,7189.0,7419.0,7020.0,6634.0,6796.0,6580.0,5695.0
2000-10-18,5523.0,5362.0,5283.0,5245.0,5690.0,6289.0,7136.0,7735.0,7711.0,7965.0,8063.0,7467.0,7422.0,7469.0,7416.0,7363.0,7070.0,7189.0,7419.0,7020.0,6634.0,6796.0,6580.0,5695.0
2000-10-18,5523.0,5362.0,5283.0,5245.0,5690.0,6289.0,7136.0,7735.0,7711.0,7965.0,8063.0,7467.0,7422.0,7469.0,7416.0,7363.0,7070.0,7189.0,7419.0,7020.0,6634.0,6796.0,6580.0,5695.0
2000-10-18,5523.0,5362.0,5283.0,5245.0,5690.0,6289.0,7136.0,7735.0,7711.0,7965.0,8063.0,7467.0,7422.0,7469.0,7416.0,7363.0,7070.0,7189.0,7419.0,7020.0,6634.0,6796.0,6580.0,5695.0
2000-10-14,5545.0,5358.0,5263.0,5175.0,5267.0,5308.0,5501.0,5763.0,6071.0,6354.0,6312.0,6222.0,6147.0,6178.0,5934.0,5948.0,5913.0,6236.0,6433.0,6100.0,5699.0,6021.0,5860.0,5347.0
2000-10-15,4764.0,4668.0,4480.0,4449.0,4590.0,4622.0,4552.0,4734.0,5173.0,5300.0,5617.0,5632.0,5281.0,5099.0,5099.0,5205.0,5270.0,5750.0,6094.0,5804.0,5555.0,6047.0,5561.0,4916.0
2000-11-15,6280.0,6201.0,6196.0,6036.0,6130.0,6823.0,7594.0,8305.0,8249.0,8400.0,8395.0,8161.0,7984.0,8122.0,7825.0,8270.0,8393.0,8447.0,7985.0,7525.0,6961.0,7166.0,7207.0,6680.0
2000-11-15,6280.0,6201.0,6196.0,6036.0,6130.0,6823.0,7594.0,8305.0,8249.0,8400.0,8395.0,8161.0,7984.0,8122.0,7825.0,8270.0,8393.0,8447.0,7985.0,7525.0,6961.0,7166.0,7207.0,6680.0
2000-11-15,6280.0,6201.0,6196.0,6036.0,6130.0,6823.0,7594.0,8305.0,8249.0,8400.0,8395.0,8161.0,7984.0,8122.0,7825.0,8270.0,8393.0,8447.0,7985.0,7525.0,6961.0,7166.0,7207.0,6680.0
2000-11-15,6280.0,6201.0,6196.0,6036.0,6130.0,6823.0,7594.0,8305.0,8249.0,8400.0,8395.0,8161.0,7984.0,8122.0,7825.0,8270.0,8393.0,8447.0,7985.0,7525.0,6961.0,7166.0,7207.0,6680.0
2000-11-15,6280.0,6201.0,6196.0,6036.0,6130.0,6823.0,7594.0,8305.0,8249.0,8400.0,8395.0,8161.0,7984.0,8122.0,7825.0,8270.0,8393.0,8447.0,7985.0,7525.0,6961.0,7166.0,7207.0,6680.0
2000-11-11,6360.0,6246.0,6137.0,6013.0,6025.0,5826.0,5994.0,6248.0,6289.0,6378.0,6376.0,6570.0,6416.0,6360.0,6229.0,6192.0,6771.0,7134.0,6951.0,6390.0,6049.0,6420.0,6720.0,6209.0
2000-12-11,5851.0,5751.0,5780.0,5514.0,5302.0,5005.0,4971.0,5004.0,5304.0,5333.0,5593.0,5768.0,5505.0,5568.0,5495.0,5634.0,6148.0,6489.0,6420.0,6037.0,5815.0,6341.0,6007.0,5729.0
2000-11-15,6280.0,6201.0,6196.0,6036.0,6130.0,6823.0,7594.0,8305.0,8249.0,8400.0,8395.0,8161.0,7984.0,8122.0,7825.0,8270.0,8393.0,8447.0,7985.0,7525.0,6961.0,7166.0,7207.0,6680.0
2000-11-15,6280.0,6201.0,6196.0,6036.0,6130.0,6823.0,7594.0,8305.0,8249.0,8400.0,8395.0,8161.0,7984.0,8122.0,7825.0,8270.0,8393.0,8447.0,7985.0,7525.0,6961.0,7166.0,7207.0,6680.0
2000-11-15,6280.0,6201.0,6196.0,6036.0,6130.0,6823.0,7594.0,8305.0,8249.0,8400.0,8395.0,8161.0,7984.0,8122.0,7825.0,8270.0,8393.0,8447.0,7985.0,7525.0,6961.0,7166.0,7207.0,6680.0
2000-11-15,6280.0,6201.0,6196.0,6036.0,6130.0,6823.0,7594.0,8305.0,8249.0,8400.0,8395.0,8161.0,7984.0,8122.0,7825.0,8270.0,8393.0,8447.0,7985.0,7525.0,6961.0,7166.0,7207.0,6680.0
2000-11-15,6280.0,6201.0,6196.0,6036.0,6130.0,6823.0,7594.0,8305.0,8249.0,8400.0,8395.0,8161.0,7984.0,8122.0,7825.0,8270.0,8393.0,8447.0,7985.0,7525.0,6961.0,7166.0,7207.0,6680.0
2000-11-11,6360.0,6246.0,6137.0,6013.0,6025.0,5826.0,5994.0,6248.0,6289.0,6378.0,6376.0,6570.0,6416.0,6360.0,6229.0,6192.0,6771.0,7134.0,6951.0,6390.0,6049.0,6420.0,6720.0,6209.0
2000-12-11,5851.0,5751.0,5780.0,5514.0,5302.0,5005.0,4971.0,5004.0,5304.0,5333.0,5593.0,5768.0,5505.0,5568.0,5495.0,5634.0,6148.0,6489.0,6420.0,6037.0,5815.0,6341.0,6007.0,5729.0
2000-11-15,6280.0,6201.0,6196.0,6036.0,6130.0,6823.0,7594.0,8305.0,8249.0,8400.0,8395.0,8161.0,7984.0,8122.0,7825.0,8270.0,8393.0,8447.0,7985.0,7525.0,6961.0,7166.0,7207.0,6680.0
2000-11-15,6280.0,6201.0,6196.0,6036.0,6130.0,6823.0,7594.0,8305.0,8249.0,8400.0,8395.0,8161.0,7984.0,8122.0,7825.0,8270.0,8393.0,8447.0,7985.0,7525.0,6961.0,7166.0,7207.0,6680.0
2000-11-15,6280.0,6201.0,6196.0,6036.0,6130.0,6823.0,7594.0,8305.0,8249.0,8400.0,8395.0,8161.0,7984.0,8122.0,7825.0,8270.0,8393.0,8447.0,7985.0,7525.0,6961.0,7166.0,7207.0,6680.0
2000-11-15,6280.0,6201.0,6196.0,6036.0,6130.0,6823.0,7594.0,8305.0,8249.0,8400.0,8395.0,8161.0,7984.0,8122.0,7825.0,8270.0,8393.0,8447.0,7985.0,7525.0,6961.0,7166.0,7207.0,6680.0
2000-11-15,6280.0,6201.0,6196.0,6036.0,6130.0,6823.0,7594.0,8305.0,8249.0,8400.0,8395.0,8161.0,7984.0,8122.0,7825.0,8270.0,8393.0,8447.0,7985.0,7525.0,6961.0,7166.0,7207.0,6680.0
2000-11-11,6360.0,6246.0,6137.0,6013.0,6025.0,5826.0,5994.0,6248.0,6289.0,6378.0,6376.0,6570.0,6416.0,6360.0,6229.0,6192.0,6771.0,7134.0,6951.0,6390.0,6049.0,6420.0,6720.0,6209.0
2000-12-11,5851.0,5751.0,5780.0,5514.0,5302.0,5005.0,4971.0,5004.0,5304.0,5333.0,5593.0,5768.0,5505.0,5568.0,5495.0,5634.0,6148.0,6489.0,6420.0,6037.0,5815.0,6341.0,6007.0,5729.0
2000-11-15,6280.0,6201.0,6196.0,6036.0,6130.0,6823.0,7594.0,8305.0,8249.0,8400.0,8395.0,8161.0,7984.0,8122.0,7825.0,8270.0,8393.0,8447.0,7985.0,7525.0,6961.0,7166.0,7207.0,6680.0
2000-11-15,6280.0,6201.0,6196.0,6036.0,6130.0,6823.0,7594.0,8305.0,8249.0,8400.0,8395.0,8161.0,7984.0,8122.0,7825.0,8270.0,8393.0,8447.0,7985.0,7525.0,6961.0,7166.0,7207.0,6680.0
2000-11-15,6280.0,6201.0,6196.0,6036.0,6130.0,6823.0,7594.0,8305.0,8249.0,8400.0,8395.0,8161.0,7984.0,8122.0,7825.0,8270.0,8393.0,8447.0,7985.0,7525.0,6961.0,7166.0,7207.0,6680.0
2000-11-15,6280.0,6201.0,6196.0,6036.0,6130.0,6823.0,7594.0,8305.0,8249.0,8400.0,8395.0,8161.0,7984.0,8122.0,7825.0,8270.0,8393.0,8447.0,7985.0,7525.0,6961.0,7166.0,7207.0,6680.0
2000-11-15,6280.0,6201.0,6196.0,6036.0,6130.0,6823.0,7594.0,8305.0,8249.0,8400.0,8395.0,8161.0,7984.0,8122.0,7825.0,8270.0,8393.0,8447.0,7985.0,7525.0,6961.0,7166.0,7207.0,6680.0
2000-11-11,6360.0,6246.0,6137.0,6013.0,6025.0,5826.0,5994.0,6248.0,6289.0,6378.0,6376.0,6570.0,6416.0,6360.0,6229.0,6192.0,6771.0,7134.0,6951.0,6390.0,6049.0,6420.0,6720.0,6209.0
2000-12-11,5851.0,5751.0,5780.0,5514.0,5302.0,5005.0,4971.0,5004.0,5304.0,5333.0,5593.0,5768.0,5505.0,5568.0,5495.0,5634.0,6148.0,6489.0,6420.0,6037.0,5815.0,6341.0,6007.0,5729.0
2000-12-20,6804.0,6802.0,6678.0,6510.0,6680.0,7032.0,7886.0,8668.0,8567.0,8632.0,8668.0,8420.0,8321.0,8459.0,8445.0,8549.0,8753.0,8677.0,8245.0,7719.0,7420.0,7711.0,7492.0,7393.0
2000-12-20,6804.0,6802.0,6678.0,6510.0,6680.0,7032.0,7886.0,8668.0,8567.0,8632.0,8668.0,8420.0,8321.0,8459.0,8445.0,8549.0,8753.0,8677.0,8245.0,7719.0,7420.0,7711.0,7492.0,7393.0
2000-12-20,6804.0,6802.0,6678.0,6510.0,6680.0,7032.0,7886.0,8668.0,8567.0,8632.0,8668.0,8420.0,8321.0,8459.0,8445.0,8549.0,8753.0,8677.0,8245.0,7719.0,7420.0,7711.0,7492.0,7393.0
2000-12-20,6804.0,6802.0,6678.0,6510.0,6680.0,7032.0,7886.0,8668.0,8567.0,8632.0,8668.0,8420.0,8321.0,8459.0,8445.0,8549.0,8753.0,8677.0,8245.0,7719.0,7420.0,7711.0,7492.0,7393.0
2000-12-20,6804.0,6802.0,6678.0,6510.0,6680.0,7032.0,7886.0,8668.0,8567.0,8632.0,8668.0,8420.0,8321.0,8459.0,8445.0,8549.0,8753.0,8677.0,8245.0,7719.0,7420.0,7711.0,7492.0,7393.0
2000-12-16,6893.0,6729.0,6547.0,6353.0,6197.0,5888.0,6094.0,6340.0,6499.0,6681.0,6682.0,6911.0,6830.0,6691.0,6700.0,6849.0,7257.0,7285.0,7189.0,6907.0,6582.0,6958.0,6905.0,6565.0
2000-12-17,6384.0,6198.0,6139.0,5971.0,5721.0,5456.0,5305.0,5517.0,5803.0,6124.0,6222.0,6310.0,6137.0,6024.0,6007.0,6185.0,6862.0,7083.0,6922.0,6691.0,6399.0,6898.0,6879.0,6504.0
2000-12-20,6804.0,6802.0,6678.0,6510.0,6680.0,7032.0,7886.0,8668.0,8567.0,8632.0,8668.0,8420.0,8321.0,8459.0,8445.0,8549.0,8753.0,8677.0,8245.0,7719.0,7420.0,7711.0,7492.0,7393.0
2000-12-20,6804.0,6802.0,6678.0,6510.0,6680.0,7032.0,7886.0,8668.0,8567.0,8632.0,8668.0,8420.0,8321.0,8459.0,8445.0,8549.0,8753.0,8677.0,8245.0,7719.0,7420.0,7711.0,7492.0,7393.0
2000-12-20,6804.0,6802.0,6678.0,6510.0,6680.0,7032.0,7886.0,8668.0,8567.0,8632.0,8668.0,8420.0,8321.0,8459.0,8445.0,8549.0,8753.0,8677.0,8245.0,7719.0,7420.0,7711.0,7492.0,7393.0
2000-12-20,6804.0,6802.0,6678.0,6510.0,6680.0,7032.0,7886.0,8668.0,8567.0,8632.0,8668.0,8420.0,8321.0,8459.0,8445.0,8549.0,8753.0,8677.0,8245.0,7719.0,7420.0,7711.0,7492.0,7393.0
2000-12-20,6804.0,6802.0,6678.0,6510.0,6680.0,7032.0,7886.0,8668.0,8567.0,8632.0,8668.0,8420.0,8321.0,8459.0,8445.0,8549.0,8753.0,8677.0,8245.0,7719.0,7420.0,7711.0,7492.0,7393.0
2000-12-16,6893.0,6729.0,6547.0,6353.0,6197.0,5888.0,6094.0,6340.0,6499.0,6681.0,6682.0,6911.0,6830.0,6691.0,6700.0,6849.0,7257.0,7285.0,7189.0,6907.0,6582.0,6958.0,6905.0,6565.0
2000-12-17,6384.0,6198.0,6139.0,5971.0,5721.0,5456.0,5305.0,5517.0,5803.0,6124.0,6222.0,6310.0,6137.0,6024.0,6007.0,6185.0,6862.0,7083.0,6922.0,6691.0,6399.0,6898.0,6879.0,6504.0
2000-12-20,6804.0,6802.0,6678.0,6510.0,6680.0,7032.0,7886.0,8668.0,8567.0,8632.0,8668.0,8420.0,8321.0,8459.0,8445.0,8549.0,8753.0,8677.0,8245.0,7719.0,7420.0,7711.0,7492.0,7393.0
2000-12-20,6804.0,6802.0,6678.0,6510.0,6680.0,7032.0,7886.0,8668.0,8567.0,8632.0,8668.0,8420.0,8321.0,8459.0,8445.0,8549.0,8753.0,8677.0,8245.0,7719.0,7420.0,7711.0,7492.0,7393.0
2000-12-20,6804.0,6802.0,6678.0,6510.0,6680.0,7032.0,7886.0,8668.0,8567.0,8632.0,8668.0,8420.0,8321.0,8459.0,8445.0,8549.0,8753.0,8677.0,8245.0,7719.0,7420.0,7711.0,7492.0,7393.0
2000-12-20,6804.0,6802.0,6678.0,6510.0,6680.0,7032.0,7886.0,8668.0,8567.0,8632.0,8668.0,8420.0,8321.0,8459.0,8445.0,8549.0,8753.0,8677.0,8245.0,7719.0,7420.0,7711.0,7492.0,7393.0
2000-12-20,6804.0,6802.0,6678.0,6510.0,6680.0,7032.0,7886.0,8668.0,8567.0,8632.0,8668.0,8420.0,8321.0,8459.0,8445.0,8549.0,8753.0,8677.0,8245.0,7719.0,7420.0,7711.0,7492.0,7393.0
2000-12-16,6893.0,6729.0,6547.0,6353.0,6197.0,5888.0,6094.0,6340.0,6499.0,6681.0,6682.0,6911.0,6830.0,6691.0,6700.0,6849.0,7257.0,7285.0,7189.0,6907.0,6582.0,6958.0,6905.0,6565.0
2000-12-17,6384.0,6198.0,6139.0,5971.0,5721.0,5456.0,5305.0,5517.0,5803.0,6124.0,6222.0,6310.0,6137.0,6024.0,6007.0,6185.0,6862.0,7083.0,6922.0,6691.0,6399.0,6898.0,6879.0,6504.0
2000-12-20,6804.0,6802.0,6678.0,6510.0,6680.0,7032.0,7886.0,8668.0,8567.0,8632.0,8668.0,8420.0,8321.0,8459.0,8445.0,8549.0,8753.0,8677.0,8245.0,7719.0,7420.0,7711.0,7492.0,7393.0
2000-12-20,6804.0,6802.0,6678.0,6510.0,6680.0,7032.0,7886.0,8668.0,8567.0,8632.0,8668.0,8420.0,8321.0,8459.0,8445.0,8549.0,8753.0,8677.0,8245.0,7719.0,7420.0,7711.0,7492.0,7393.0
2000-12-20,6804.0,6802.0,6678.0,6510.0,6680.0,7032.0,7886.0,8668.0,8567.0,8632.0,8668.0,8420.0,8321.0,8459.0,8445.0,8549.0,8753.0,8677.0,8245.0,7719.0,7420.0,7711.0,7492.0,7393.0
2000-12-20,6804.0,6802.0,6678.0,6510.0,6680.0,7032.0,7886.0,8668.0,8567.0,8632.0,8668.0,8420.0,8321.0,8459.0,8445.0,8549.0,8753.0,8677.0,8245.0,7719.0,7420.0,7711.0,7492.0,7393.0
2000-12-20,6804.0,6802.0,6678.0,6510.0,6680.0,7032.0,7886.0,8668.0,8567.0,8632.0,8668.0,8420.0,8321.0,8459.0,8445.0,8549.0,8753.0,8677.0,8245.0,7719.0,7420.0,7711.0,7492.0,7393.0
2000-12-16,6893.0,6729.0,6547.0,6353.0,6197.0,5888.0,6094.0,6340.0,6499.0,6681.0,6682.0,6911.0,6830.0,6691.0,6700.0,6849.0,7257.0,7285.0,7189.0,6907.0,6582.0,6958.0,6905.0,6565.0
2000-12-17,6384.0,6198.0,6139.0,5971.0,5721.0,5456.0,5305.0,5517.0,5803.0,6124.0,6222.0,6310.0,6137.0,6024.0,6007.0,6185.0,6862.0,7083.0,6922.0,6691.0,6399.0,6898.0,6879.0,6504.0
