Date,Month,Year,SensedHourlyLoadData_1,SensedHourlyLoadData_2,SensedHourlyLoadData_3,SensedHourlyLoadData_4,SensedHourlyLoadData_5,SensedHourlyLoadData_6,SensedHourlyLoadData_7,SensedHourlyLoadData_8,SensedHourlyLoadData_9,SensedHourlyLoadData_10,SensedHourlyLoadData_11,SensedHourlyLoadData_12,SensedHourlyLoadData_13,SensedHourlyLoadData_14,SensedHourlyLoadData_15,SensedHourlyLoadData_16,SensedHourlyLoadData_17,SensedHourlyLoadData_18,SensedHourlyLoadData_19,SensedHourlyLoadData_20,SensedHourlyLoadData_21,SensedHourlyLoadData_22,SensedHourlyLoadData_23,SensedHourlyLoadData_24
1,1,2015,12161,11901,11459,10992,10706,10687,10829,11143,11415,11782,12352,12848,12989,13050,13112,13086,13548,14753,14828,14652,14273,13703,13020,12220
2,1,2015,11546,11037,10726,10621,10681,11031,11895,13072,14269,15187,15646,15696,15499,15363,15309,15279,15609,16977,16607,16121,15442,14554,13724,12972
3,1,2015,12131,11541,11119,10902,10842,11059,11491,12246,13321,14368,15064,15364,15413,15248,15161,15132,15547,16297,15981,15492,14838,14095,13385,12638
4,1,2015,11947,11379,10998,10826,10767,10844,11036,11509,12142,12768,13345,13649,13808,13670,13551,13593,14044,15612,15698,15457,14889,14146,13406,12480
5,1,2015,11783,11322,11096,11047,11172,11630,13120,15420,17038,17428,17533,17711,17667,17757,17657,17621,18022,18603,17842,17240,16448,15501,14402,13302
6,1,2015,12385,11829,11556,11457,11543,11995,13348,15791,17278,17629,17635,17514,17285,17321,17367,17426,17799,18643,17819,17305,16427,15456,14348,13298
7,1,2015,12442,11871,11599,11510,11567,12032,13422,15737,17233,17496,17477,17323,16998,17103,17166,17188,17584,18522,17691,17200,16393,15488,14336,13429
8,1,2015,12561,11948,11620,11500,11514,11979,13311,15629,17174,17612,17714,17926,17932,18014,17817,17889,18068,18555,17948,17417,16614,15520,14398,13448
9,1,2015,12558,11978,11640,11485,11535,11978,13365,15609,17199,17734,17858,17864,17647,17611,17382,17363,17644,18139,17473,16781,15900,14938,14002,13257
10,1,2015,12491,11759,11339,11096,11012,11086,11571,12505,13730,14689,15262,15440,15431,15339,15224,15037,15150,16232,15946,15413,14724,13964,13307,12636
11,1,2015,11986,11391,10990,10766,10715,10776,11017,11566,12319,13061,13763,14033,14251,14204,14159,14110,14497,15730,15660,15370,14766,13988,13287,12381
12,1,2015,11701,11252,10913,10923,11074,11625,13110,15484,17027,17532,17691,17811,17661,17702,17529,17423,17701,18442,17668,17112,16319,15324,14237,13226
13,1,2015,12390,11797,11438,11422,11515,11958,13424,15691,17161,17608,17700,17814,17709,17800,17739,17542,17719,18512,17824,17289,16461,15517,14368,13388
14,1,2015,12494,11937,11705,11598,11676,12114,13552,15919,17502,17907,17982,17994,17898,17792,17569,17394,17481,18486,17915,17398,16550,15578,14445,13447
15,1,2015,12530,11927,11623,11525,11583,12072,13487,15739,17164,17660,17778,17935,17741,17682,17592,17627,17817,18436,17848,17366,16505,15452,14419,13490
16,1,2015,12561,12000,11660,11544,11598,12032,13353,15672,17141,17491,17553,17492,17252,17088,16830,16741,16914,17891,17448,16811,16001,15064,14077,13270
17,1,2015,12448,11837,11432,11257,11262,11426,11958,12897,13926,14807,15200,15124,14885,14591,14471,14552,14881,16052,16047,15558,14892,14102,13456,12741
18,1,2015,12065,11486,11092,10898,10835,10884,11247,11744,12512,13242,13886,14408,14700,14632,14525,14464,14650,15872,15967,15602,15014,14199,13439,12478
19,1,2015,11811,11463,11249,11194,11349,11886,13291,15614,17017,17405,17559,17708,17559,17683,17611,17485,17617,18427,17918,17416,16546,15564,14444,13461
20,1,2015,12535,12082,11769,11666,11705,12117,13525,15798,17251,17699,17804,17838,17564,17522,17434,17362,17579,18418,17940,17421,16636,15661,14495,13387
21,1,2015,12596,12069,11771,11678,11730,12089,13548,15971,17409,17778,17898,17894,17682,17660,17583,17438,17621,18522,18043,17539,16660,15643,14574,13609
22,1,2015,12763,12166,11866,11783,11860,12278,13680,16045,17501,17960,18124,18140,17894,17946,17789,17712,17754,18453,18046,17561,16739,15602,14487,13609
23,1,2015,12738,12257,11930,11844,11906,12366,13724,15984,17458,17997,18080,18026,17864,17866,17798,17620,17628,18335,17891,17255,16386,15374,14366,13593
24,1,2015,12831,12191,11778,11611,11504,11658,12135,12981,14113,15125,15570,15506,15268,14932,14679,14604,14818,15883,16181,15673,15026,14232,13521,12790
25,1,2015,12066,11465,11136,11016,10932,11026,11320,11787,12435,13270,13874,14305,14501,14384,14173,14109,14327,15506,15798,15448,14880,14120,13369,12421
26,1,2015,11729,11331,11094,11035,11158,11747,13211,15584,17141,17623,17625,17765,17743,17769,17507,17313,17465,18127,17763,17178,16358,15401,14222,13200
27,1,2015,12441,11898,11623,11547,11581,12062,13498,15905,17072,17400,17430,17399,17108,17142,17152,17125,17174,17921,17712,17177,16387,15361,14188,13235
28,1,2015,12342,11780,11474,11374,11431,11877,13359,15702,17192,17645,17786,17878,17831,18027,18146,18079,18201,18532,18002,17374,16539,15553,14465,13426
29,1,2015,12529,11887,11526,11437,11483,12029,13452,15886,17184,17688,17802,17817,17607,17580,17545,17549,17737,18344,18028,17549,16782,15722,14624,13684
30,1,2015,12852,12317,11936,11805,11839,12240,13588,15785,17150,17694,17745,17621,17271,17254,17172,17107,17202,17850,17606,17024,16168,15165,14253,13537
31,1,2015,12695,11992,11596,11361,11316,11420,11899,12871,13886,14905,15290,15229,15040,14803,14777,14677,14916,15750,16142,15650,14974,14188,13560,12793
1,2,2015,12066,11539,11166,10997,10919,10948,11196,11651,12385,13088,13729,14068,14195,14138,14060,13872,14026,15113,15787,15469,14884,14083,13384,12418
2,2,2015,11795,11418,11263,11220,11297,11836,13325,15671,16915,17407,17587,17634,17349,17315,17147,17154,17260,17824,17829,17369,16561,15540,14409,13319
3,2,2015,12480,11968,11728,11662,11619,12100,13472,15836,17099,17538,17474,17265,16919,16910,16777,16850,17109,17678,17785,17332,16508,15544,14433,13360
4,2,2015,12511,12064,11768,11667,11750,12185,13551,15940,17172,17604,17562,17376,17149,17091,17106,17138,17280,17764,17920,17438,16630,15662,14576,13589
5,2,2015,12704,12241,11955,11841,11881,12207,13595,15961,17125,17609,17801,17730,17367,17315,17332,17361,17394,17820,18129,17696,16871,15742,14559,13627
6,2,2015,12761,12217,11846,11777,11839,12250,13646,15930,17123,17658,17571,17368,16980,16844,16722,16665,16774,17197,17647,17094,16220,15178,14224,13395
7,2,2015,12609,11993,11622,11391,11315,11451,12009,12973,13934,14977,15455,15496,15347,15086,14953,14787,14906,15594,16019,15492,14861,14039,13390,12688
8,2,2015,12032,11471,11112,10904,10810,10837,11170,11703,12273,13179,13663,13874,13971,13808,13589,13487,13652,14566,15608,15381,14860,14149,13372,12462
9,2,2015,11761,11331,11128,11037,11116,11577,13046,15481,16724,17295,17519,17585,17434,17523,17391,17261,17332,17660,17660,17226,16378,15384,14281,13202
10,2,2015,12325,11840,11540,11424,11478,11920,13436,15729,16841,17370,17394,17479,17352,17447,17390,17357,17406,17727,17629,17160,16299,15300,14191,13151
11,2,2015,12377,11854,11564,11519,11538,11880,13224,15623,16935,17530,17659,17681,17485,17478,17386,17247,17239,17582,17623,17108,16301,15334,14212,13245
12,2,2015,12418,11879,11627,11533,11599,12020,13337,15710,16926,17450,17567,17599,17351,17352,17251,17159,17132,17397,17684,17288,16494,15386,14294,13279
13,2,2015,12409,11866,11592,11508,11546,11979,13321,15577,16720,17265,17168,16860,16358,16161,15966,15906,16110,16502,16962,16520,15762,14708,13715,12917
14,2,2015,12128,11568,11196,11046,11004,11091,11569,12485,13371,14392,14728,14777,14614,14385,14041,13911,14000,14439,15210,14937,14329,13592,12968,12261
15,2,2015,11603,11122,10778,10657,10600,10658,10952,11447,11986,12687,13035,13153,13177,12921,12630,12620,12988,13885,14970,14928,14515,13803,13065,12157
16,2,2015,11498,11202,11050,11012,11104,11601,12947,15023,16120,16559,16452,16286,15983,15871,15751,15737,16036,16434,16913,16631,15841,14932,13877,12881
17,2,2015,12095,11624,11350,11242,11303,11662,12957,15109,16227,16851,16972,16968,16527,16371,16193,16037,16179,16445,16939,16793,16024,15089,14078,13087
18,2,2015,12237,11783,11568,11428,11517,11921,13242,15365,16537,17001,16878,16720,16493,16439,16308,16281,16458,16827,17211,17050,16251,15331,14143,13207
19,2,2015,12347,11781,11508,11398,11490,11905,13397,15492,16611,17026,16851,16653,16319,16352,16334,16416,16627,16851,17315,17159,16404,15336,14204,13221
20,2,2015,12357,11783,11508,11402,11480,11908,13228,15368,16687,17441,17682,17728,17412,17321,17194,17017,17017,17243,17294,16801,16016,14931,14001,13155
21,2,2015,12320,11748,11381,11238,11209,11266,11703,12572,13530,14618,15013,15096,15006,14764,14451,14208,14397,14887,15487,15332,14667,13909,13284,12455
22,2,2015,11839,11368,11049,10875,10848,10892,11187,11541,12102,12713,12951,13079,13246,13082,12882,12844,13239,14075,15024,15051,14523,13840,13219,12318
23,2,2015,11703,11369,11200,11155,11257,11672,13048,15095,16482,17056,16958,16710,16418,16361,16176,16220,16551,16703,16977,16952,16134,15130,14025,13043
24,2,2015,12199,11700,11402,11337,11461,11903,13295,15238,16524,17123,17066,16998,16780,16579,16352,16192,16374,16671,16947,16830,16138,15175,14043,13005
25,2,2015,12182,11597,11345,11289,11371,11729,13087,14939,16164,16630,16662,16667,16702,16891,16899,16813,16766,16850,16846,16706,15905,15004,13930,13006
26,2,2015,12162,11672,11405,11325,11369,11776,13077,15004,16277,16901,17020,17014,16838,16878,16878,16786,16833,17002,17151,16925,16271,15296,14189,13288
27,2,2015,12435,11890,11542,11416,11471,11837,13106,14880,16106,16653,16599,16481,16187,16012,15845,15653,15749,16042,16352,16414,15718,14758,13810,13002
28,2,2015,12196,11655,11325,11159,11126,11227,11736,12485,13433,14417,14656,14473,14118,13709,13421,13393,13779,14329,15014,15047,14436,13640,13006,12251
1,3,2015,11451,10984,10679,10538,10509,10537,10775,11062,11756,12436,12646,12818,12947,12819,12590,12568,12792,13490,14460,14749,14268,13540,12803,11970
2,3,2015,11326,10977,10830,10842,10956,11424,12885,14763,15867,16198,16074,16150,15950,16178,16265,16252,16288,16501,16618,16810,16040,15046,13850,12764
3,3,2015,11865,11322,11082,10994,11100,11541,12996,14959,16080,16701,16945,17120,16910,16856,16626,16428,16464,16492,16528,16888,16139,15102,13981,12900
4,3,2015,12000,11468,11239,11139,11224,11616,13019,14991,16128,16628,16727,16713,16570,16584,16480,16374,16423,16720,16707,16842,16053,15072,13923,12875
5,3,2015,11941,11414,11188,11126,11200,11688,13087,14994,16070,16391,16249,16231,15979,15921,15814,15838,16010,16232,16390,16846,16118,15020,13842,12827
6,3,2015,11944,11395,11144,11024,11085,11484,12911,14870,16189,16776,16859,16774,16426,16425,16240,16018,15961,16080,16084,16264,15590,14546,13570,12776
7,3,2015,11939,11399,11085,10916,10856,10928,11451,12151,13186,14041,14177,13929,13630,13285,13032,12880,13142,13701,14234,14744,14176,13413,12801,12030
8,3,2015,11378,10856,10558,10403,10357,10386,10639,10889,11567,11967,12102,12102,12122,11908,11666,11637,12065,12979,13810,14510,14057,13303,12626,11681
9,3,2015,10984,10597,10583,10584,10726,11180,12547,14437,15714,16179,16263,16300,16068,16013,15806,15674,15792,15990,16033,16466,15750,14767,13612,12593
10,3,2015,11736,11211,11002,10961,11024,11414,12801,14679,15751,15798,15680,15652,15409,15438,15364,15327,15508,15789,15751,16434,15810,14863,13748,12722
11,3,2015,11812,11326,11154,11125,11226,11657,12956,14681,15944,16266,16168,16042,15626,15513,15368,15262,15417,15822,15799,16489,15818,14904,13848,12865
12,3,2015,11941,11414,11185,11105,11197,11639,12967,14616,15685,15888,15702,15571,15309,15277,15177,15147,15318,15657,15785,16506,15933,14886,13667,12686
13,3,2015,11837,11276,11080,11035,11125,11570,12830,14536,15574,15844,15730,15661,15469,15479,15321,15140,15177,15560,15565,16104,15434,14375,13421,12587
14,3,2015,11759,11178,10912,10782,10762,10901,11309,12043,13096,14052,14380,14486,14400,14188,14001,13870,14044,14480,14711,14833,14253,13427,12768,11962
15,3,2015,11209,10671,10417,10306,10209,10282,10573,10897,11698,12504,12923,13263,13404,13226,13001,12893,13063,13786,14303,14644,14178,13445,12695,11716
16,3,2015,10982,10583,10506,10529,10681,11233,12604,14463,15636,15861,15724,15670,15434,15405,15361,15327,15490,15726,15582,16326,15680,14752,13596,12579
17,3,2015,11657,11107,10944,10933,10997,11475,12798,14557,15632,15892,15686,15542,15265,15269,15191,15127,15231,15482,15311,16179,15661,14729,13576,12583
18,3,2015,11698,11136,10928,10913,10980,11418,12681,14516,15698,16153,16119,16070,15830,15885,15875,15848,15973,16142,15887,16310,15688,14756,13599,12635
19,3,2015,11747,11102,10885,10880,10929,11389,12716,14618,15837,16336,16344,16221,15914,15877,15682,15501,15502,15662,15469,16184,15718,14644,13544,12662
20,3,2015,11705,11115,10877,10875,10928,11351,12601,14429,15809,16407,16717,16729,16181,15872,15657,15394,15414,15646,15373,15806,15198,14238,13241,12401
21,3,2015,11611,11000,10704,10541,10482,10559,10950,11728,12755,13717,14092,14089,13873,13512,13236,13133,13422,13990,14239,14578,14065,13286,12598,11846
22,3,2015,11132,10593,10282,10128,10058,10152,10270,10625,11420,12110,12429,12469,12365,12075,11742,11599,11803,12735,13296,14262,14084,13352,12601,11699
23,3,2015,11019,10592,10463,10445,10590,11160,12386,14166,15384,15837,15838,15836,15477,15513,15382,15272,15359,15586,15217,16057,15676,14686,13458,12470
24,3,2015,11595,11034,10832,10823,10911,11363,12520,14329,15508,15924,15753,15634,15462,15582,15669,15636,15792,15928,15570,16143,15606,14654,13455,12509
25,3,2015,11631,11056,10877,10842,10919,11386,12579,14571,15953,16566,16669,16712,16570,16582,16483,16312,16264,16351,15898,16161,15713,14759,13573,12589
26,3,2015,11669,11099,10881,10872,10966,11450,12561,14298,15509,15933,16062,16285,16159,16411,16451,16346,16446,16637,16300,16574,15944,14817,13591,12583
27,3,2015,11682,11079,10848,10808,10863,11315,12452,14170,15537,15401,14423,15254,15473,15456,15368,15144,15077,15226,14905,15368,15034,14118,13122,12283
28,3,2015,11480,10825,10582,10440,10408,10540,10815,11535,12489,13385,13824,14026,14062,13945,13840,13663,13663,14120,14166,14385,13920,13158,12495,11720
29,3,2015,10912,10323,10323,10031,9978,9959,10103,10334,10953,11752,12440,13002,13344,13402,13199,13214,13307,13720,13879,13771,14092,13587,12830,11827
30,3,2015,10975,10494,10290,10267,10402,10916,12359,14190,15483,15866,16014,16045,15770,15771,15507,15245,15111,15137,14686,14652,15210,14677,13571,12546
31,3,2015,11545,11003,10771,10678,10731,11171,12631,14336,15537,16074,16174,16100,15803,15717,15412,15150,15155,15397,14909,14862,15099,14664,13580,12571
1,4,2015,11464,10829,10529,10463,10541,11004,12399,14230,15517,16036,16099,16101,15852,15848,15728,15473,15331,15422,14871,14797,15106,14620,13496,12522
2,4,2015,11595,11002,10665,10519,10544,11034,12496,14340,15551,15892,15820,15779,15455,15402,15280,15264,15310,15461,15077,14947,15269,14779,13706,12719
3,4,2015,11735,11090,10765,10608,10703,11096,12284,13686,15045,15613,15711,15657,15347,15239,15036,14718,14676,14884,14486,14142,14337,14006,13125,12404
4,4,2015,11519,10872,10505,10296,10260,10385,10896,11586,12651,13725,14020,13967,13618,13160,12850,12698,12858,13259,13301,13170,13443,13289,12581,11845
5,4,2015,11065,10468,10115,9891,9881,9941,10108,10368,11003,11395,11564,11474,11408,11202,10978,10838,10964,11692,12182,12178,12633,12772,12276,11491
6,4,2015,10734,10204,9899,9752,9785,9948,10318,10696,11549,12455,12982,13090,13035,12715,12413,12197,12201,12716,12818,12761,13188,13260,12548,11630
7,4,2015,10849,10382,10249,10185,10305,10784,12245,14028,15339,15877,15911,15907,15620,15561,15360,15162,15122,15209,14807,14626,14867,14600,13497,12478
8,4,2015,11540,10997,10730,10652,10683,11067,12364,14216,15591,16124,16162,15993,15626,15449,15216,14990,14969,15156,14594,14362,14452,14399,13412,12490
9,4,2015,11500,10903,10630,10531,10588,11017,12284,13980,15139,15476,15321,15177,14929,14961,14818,14669,14729,14922,14568,14361,14497,14401,13396,12415
10,4,2015,11464,10892,10643,10499,10552,10955,12135,13851,15091,15390,15274,15189,14911,14796,14548,14316,14284,14480,14061,13759,13905,13806,12937,12166
11,4,2015,11267,10611,10239,10012,9950,10040,10439,11070,12049,12895,13452,13760,13671,13322,13096,13124,13192,13266,13079,12805,12902,12932,12395,11639
12,4,2015,10808,10186,9892,9726,9689,9710,9902,10120,10754,11282,11635,11688,11743,11520,11222,11007,11191,11928,12384,12442,12783,12854,12208,11317
13,4,2015,10546,10022,9867,9868,9990,10494,11838,13574,14805,15212,15147,15175,15012,15038,14829,14627,14624,14704,14165,13948,14029,14176,13200,12189
14,4,2015,11197,10606,10348,10223,10278,10723,11915,13721,14824,15222,15166,14987,14677,14727,14616,14512,14574,14730,14252,13984,13970,14150,13235,12233
15,4,2015,11268,10621,10351,10239,10281,10703,11898,13508,14717,15077,15092,14992,14816,14829,14706,14598,14565,14711,14169,13888,13907,14122,13237,12268
16,4,2015,11331,10731,10454,10359,10379,10728,11905,13613,14769,15245,15204,15108,14876,14867,14755,14642,14769,14864,14470,14251,14265,14290,13261,12316
17,4,2015,11345,10763,10509,10402,10416,10815,11939,13618,14931,15428,15473,15491,15243,15081,14831,14596,14513,14585,14130,13823,13718,13827,13002,12210
18,4,2015,11344,10691,10294,10126,10019,10142,10472,11127,11968,12644,12831,12732,12556,12292,12022,11826,11899,12332,12479,12422,12457,12722,12232,11521
19,4,2015,10799,10281,10006,9871,9817,9858,9871,10108,10804,11390,11743,11932,11949,11673,11361,11161,11221,11879,12277,12317,12439,12851,12282,11399
20,4,2015,10651,10174,10028,9959,10074,10576,11778,13581,14722,15053,14985,14958,14802,14820,14678,14606,14643,14760,14224,13978,13856,14169,13293,12349
21,4,2015,11407,10791,10519,10430,10458,10896,11905,13688,14820,15183,15160,15081,14807,14793,14697,14612,14660,14822,14160,13904,13916,14261,13429,12464
22,4,2015,11512,10873,10617,10498,10535,10930,11972,13756,15038,15668,15823,15792,15560,15536,15338,15106,15062,15273,14654,14360,14205,14371,13504,12531
23,4,2015,11560,10919,10638,10519,10481,10906,12089,13803,15086,15551,15648,15491,15179,15032,14833,14716,14718,14792,14392,14195,14087,14340,13519,12541
24,4,2015,11599,10982,10681,10544,10589,10928,11971,13729,14841,15175,15241,15263,15068,14980,14818,14628,14573,14624,14246,13948,13686,13782,13059,12351
25,4,2015,11472,10779,10320,10180,10125,10232,10507,11189,12199,13170,13518,13651,13600,13302,13084,13090,13033,13188,13046,12764,12529,12808,12357,11657
26,4,2015,10921,10325,9989,9854,9752,9776,9727,10061,10820,11512,12076,12451,12605,12448,12237,12114,12180,12592,12726,12539,12427,12590,12159,11378
27,4,2015,10680,10166,9901,9798,9819,9985,10161,10709,11349,11854,12000,11917,11821,11512,11256,11155,11344,11970,12155,12167,12190,12719,12396,11604
28,4,2015,10881,10355,10148,10128,10213,10646,11692,13407,14647,15196,15363,15497,15390,15333,15095,14964,14892,14929,14325,14137,13876,14162,13496,12548
29,4,2015,11586,10981,10680,10560,10607,11020,11937,13607,14845,15294,15347,15317,15258,15287,15254,15285,15298,15404,14676,14407,14265,14281,13410,12535
30,4,2015,11607,11002,10694,10573,10619,11015,12010,13676,14855,15430,15556,15551,15407,15399,15201,14924,14809,14880,14569,14345,14123,14242,13568,12606
1,5,2015,11647,11046,10782,10652,10715,11063,11927,13489,14741,15307,15400,15442,15229,15110,14957,14696,14636,14685,14308,13997,13701,13786,13266,12480
2,5,2015,11596,10961,10638,10515,10438,10498,10677,11353,12146,12935,13135,13119,12873,12570,12306,12096,12183,12501,12643,12631,12531,12737,12460,11758
3,5,2015,11043,10448,10125,9983,9870,9847,9728,10089,10739,11400,11847,12197,12524,12598,12553,12483,12516,13012,13003,12768,12558,12745,12558,11710
4,5,2015,10997,10495,10239,10107,10152,10510,11375,12835,14172,14760,14973,15060,14839,14771,14621,14497,14530,14566,14087,13698,13342,13721,13180,12477
5,5,2015,11597,10940,10634,10519,10537,10629,10888,11758,12707,13351,13628,13717,13837,14012,13766,13364,13216,13358,13188,12972,12766,13018,12861,12202
6,5,2015,11398,10760,10457,10349,10420,10736,11593,13063,14290,14929,15176,15331,15269,15354,15183,15088,15016,15117,14439,14170,13820,13859,13298,12514
7,5,2015,11567,10967,10664,10593,10596,10950,11747,13159,14440,15045,15170,15169,14936,14910,14824,14768,14729,14773,14321,14104,13828,13836,13373,12557
8,5,2015,11605,11040,10702,10579,10650,10940,11732,13252,14623,15207,15373,15370,15098,14929,14901,14742,14643,14726,14341,14039,13729,13675,13206,12542
9,5,2015,11624,10969,10601,10405,10356,10375,10533,11253,12292,13170,13450,13418,13278,13022,12818,12773,12939,13237,13148,12893,12602,12656,12484,11809
10,5,2015,11024,10483,10129,9961,9861,9763,9651,9982,10655,11225,11533,11558,11549,11407,11232,11146,11297,11858,12218,12235,12222,12489,12473,11648
11,5,2015,10947,10505,10287,10240,10348,10751,11729,13363,14718,15271,15367,15501,15408,15490,15381,15167,15135,15179,14668,14262,13845,13855,13502,12602
12,5,2015,11677,11004,10759,10641,10632,10878,11684,13435,14769,15323,15414,15394,15243,15214,15147,14893,14852,14944,14325,13969,13611,13626,13411,12567
13,5,2015,11643,10995,10707,10564,10587,10796,11743,13318,14535,15076,15184,15206,15028,15004,14841,14717,14622,14690,14157,13771,13431,13338,13085,12367
14,5,2015,11363,10695,10382,10246,10171,10116,10156,10625,11251,11877,12171,12228,12195,12006,11782,11655,11811,12327,12487,12362,12256,12343,12284,11638
15,5,2015,10906,10363,10122,10028,10061,10182,10790,11880,12976,13668,13885,13819,13616,13379,13161,13067,13180,13602,13411,13209,12929,12833,12744,12164
16,5,2015,11281,10658,10302,10110,10065,10060,10240,10941,11880,12909,13481,13650,13596,13420,13015,12764,12641,12858,12861,12658,12391,12326,12383,11729
17,5,2015,11036,10448,10104,9947,9870,9724,9634,9926,10492,11100,11512,11787,11908,11707,11472,11362,11569,12238,12470,12391,12266,12237,12323,11578
18,5,2015,10850,10372,10165,10138,10221,10537,11552,13323,14726,15241,15407,15677,15622,15659,15621,15648,15758,15782,15122,14666,14087,13750,13430,12540
19,5,2015,11622,10991,10650,10578,10590,10806,11737,13529,14692,15250,15337,15423,15314,15416,15274,15166,15250,15277,14713,14360,13894,13651,13465,12666
20,5,2015,11699,11015,10680,10549,10605,10842,11781,13505,14672,15156,15237,15294,15199,15213,15077,14992,14977,15040,14466,14115,13724,13504,13371,12613
21,5,2015,11660,11008,10672,10588,10640,10786,11744,13538,14664,15031,15099,15118,15052,15020,14930,14864,14911,14924,14503,14236,13969,13748,13497,12687
22,5,2015,11723,11038,10719,10586,10617,10835,11784,13505,14791,15339,15332,15298,15118,15168,15061,14901,14884,14892,14428,14020,13690,13440,13202,12532
23,5,2015,11675,10978,10620,10409,10366,10249,10477,11269,12325,13208,13570,13597,13400,13028,12670,12399,12344,12578,12612,12485,12265,12063,12261,11683
24,5,2015,11058,10391,10020,9857,9807,9543,9476,9756,10291,10807,11054,11117,11107,10946,10691,10577,10752,11346,11777,11925,11952,11957,12051,11461
25,5,2015,10754,10229,9966,9843,9820,9756,9870,10282,10945,11617,11998,12196,12278,12209,12049,11948,12071,12660,12760,12604,12468,12404,12428,11685
26,5,2015,10924,10389,10201,10130,10209,10436,11546,13401,14719,15314,15418,15451,15324,15271,15187,15103,15070,15132,14589,14237,13825,13501,13403,12580
27,5,2015,11668,11021,10737,10612,10612,10792,11776,13532,14791,15311,15341,15422,15349,15371,15209,15078,15004,15066,14378,14019,13704,13480,13396,12627
28,5,2015,11672,11040,10724,10626,10646,10818,11791,13578,14911,15528,15702,15731,15527,15409,15280,15110,14934,15016,14510,14222,13859,13388,13272,12579
29,5,2015,11703,11044,10723,10676,10692,10807,11801,13470,14749,15339,15465,15537,15412,15481,15394,15278,15277,15317,14856,14427,13958,13523,13242,12549
30,5,2015,11659,10921,10538,10325,10221,10047,10354,11047,12011,12886,13257,13271,13058,12744,12442,12199,12162,12481,12549,12379,12145,11943,12160,11702
31,5,2015,10976,10412,10034,9844,9775,9540,9523,9880,10587,11337,11841,12194,12468,12447,12478,12395,12499,12985,13104,13041,12847,12652,12474,11701
1,6,2015,10975,10481,10303,10254,10303,10461,11565,13277,14587,15034,15167,15239,15054,15156,14947,14838,14851,14924,14423,14135,13716,13464,13268,12473
2,6,2015,11582,10964,10684,10533,10549,10701,11749,13637,14998,15678,15914,16092,15987,15989,15919,15830,15824,15793,15119,14648,14206,13758,13440,12653
3,6,2015,11741,11094,10778,10639,10629,10718,11737,13520,14791,15339,15467,15520,15380,15437,15268,15086,15036,15071,14425,14043,13685,13336,13339,12743
4,6,2015,11784,11110,10742,10615,10607,10716,11775,13525,14779,15270,15321,15324,15128,15189,15099,15102,15130,15119,14621,14356,14016,13517,13450,12873
5,6,2015,11936,11277,10916,10795,10757,10820,11749,13446,14782,15526,15722,15850,15676,15680,15648,15449,15382,15424,15051,14690,14266,13681,13270,12630
6,6,2015,11739,11051,10652,10480,10377,10171,10338,11004,11856,12659,12924,12872,12687,12391,12170,11988,12067,12377,12447,12353,12248,11967,12063,11680
7,6,2015,11043,10455,10123,9927,9827,9516,9511,9868,10461,11078,11386,11627,11736,11562,11344,11230,11371,11892,12174,12242,12147,11871,12062,11569
8,6,2015,10955,10481,10276,10180,10247,10386,11472,13093,14495,14990,15104,15179,15010,15088,14962,14843,14842,14889,14328,13987,13607,13170,13126,12471
9,6,2015,11630,11046,10735,10559,10552,10676,11637,13411,14704,15288,15453,15540,15307,15254,15097,14990,15017,15042,14396,14052,13643,13214,13203,12635
10,6,2015,11727,11082,10769,10591,10555,10629,11639,13353,14585,15093,15242,15293,15173,15237,15095,15031,14987,15047,14429,14100,13699,13307,13226,12735
11,6,2015,11820,11177,10846,10717,10683,10707,11683,13337,14586,15111,15228,15273,15106,15264,15286,15177,15225,15219,14786,14457,14061,13538,13449,13017
12,6,2015,12081,11370,11036,10912,10867,10737,11677,13304,14679,15389,15562,15720,15554,15590,15509,15408,15300,15234,14694,14273,13913,13419,13361,12911
13,6,2015,12070,11333,10939,10720,10601,10368,10563,11297,12239,13170,13610,13624,13362,13046,12797,12512,12528,12819,12875,12773,12548,12322,12350,11896
14,6,2015,11205,10617,10252,10021,9979,9756,9714,10025,10706,11427,11906,12272,12362,12259,12041,11864,12036,12529,12741,12699,12584,12398,12409,11771
15,6,2015,11094,10583,10352,10258,10315,10452,11480,13160,14487,14890,14878,14978,14880,14922,14739,14682,14696,14777,14314,13996,13663,13219,13100,12589
16,6,2015,11632,10994,10689,10575,10602,10635,11617,13289,14602,15170,15256,15254,14976,14980,14878,14927,14984,15049,14393,14016,13596,13139,13050,12603
17,6,2015,11595,10962,10624,10445,10431,10500,11509,13219,14511,15087,15205,15286,15140,15258,15280,15317,15372,15400,14661,14364,14009,13725,13485,12856
18,6,2015,11975,11362,11084,10933,10809,10861,11764,13457,14763,15289,15427,15466,15351,15322,15207,15109,15062,15052,14506,14145,13755,13399,13109,12545
19,6,2015,11712,11119,10828,10656,10634,10759,11697,13330,14687,15314,15466,15536,15398,15403,15198,15027,14889,14869,14365,13941,13470,13097,12803,12310
20,6,2015,11495,10857,10463,10260,10172,9963,10151,10827,11800,12669,13073,13147,13033,12859,12585,12377,12417,12736,12757,12582,12369,12099,12096,11669
21,6,2015,11022,10450,10115,9943,9810,9568,9524,9896,10602,11344,11917,12218,12405,12230,12021,11780,11854,12287,12403,12323,12170,12022,12155,11627
22,6,2015,10841,10397,10218,10106,10176,10330,11386,13133,14548,15175,15369,15629,15441,15475,15384,15240,15155,15128,14645,14183,13673,13239,13072,12533
23,6,2015,11532,10928,10691,10580,10549,10647,11602,13259,14515,15127,15443,15619,15571,15586,15468,15386,15393,15428,14819,14431,14036,13644,13206,12452
24,6,2015,11549,10951,10700,10597,10590,10708,11679,13404,14751,15277,15311,15257,15027,15150,15127,15050,15049,15148,14487,14068,13640,13270,13122,12664
25,6,2015,11790,11119,10772,10637,10643,10683,11583,13246,14543,15121,15229,15251,15128,15157,15163,15059,15046,15116,14603,14245,13900,13421,13255,12741
26,6,2015,11835,11235,10976,10816,10780,10821,11677,13301,14717,15291,15510,15553,15413,15476,15342,15300,15222,15152,14580,14108,13586,13132,13018,12601
27,6,2015,11836,11158,10776,10593,10483,10261,10486,11125,12101,13001,13385,13337,13102,12771,12511,12292,12287,12478,12527,12391,12239,11988,12071,11780
28,6,2015,11174,10619,10243,10012,9857,9538,9524,9821,10380,11024,11503,11835,12130,12122,11960,11907,12011,12474,12601,12473,12364,12257,12287,11758
29,6,2015,11116,10650,10459,10372,10377,10474,11405,13133,14539,15121,15305,15537,15496,15619,15538,15472,15399,15420,14886,14521,14068,13648,13456,12993
30,6,2015,12084,11392,11131,10972,10925,10958,11897,13547,14849,15455,15620,15647,15567,15617,15582,15519,15532,15577,15046,14680,14367,13898,13699,13266
1,7,2015,12308,11600,11287,11126,11054,11088,12078,13898,15201,15952,16147,16299,16202,16264,16237,16176,16222,16212,15564,15209,14851,14463,14292,13894
2,7,2015,12909,12187,11842,11638,11645,11789,12963,14669,16073,16799,16925,16960,16847,16842,16702,16499,16403,16290,15828,15396,15047,14579,14413,13813
3,7,2015,12831,12130,11691,11515,11517,11647,12666,14223,15540,16277,16414,16469,16399,16368,16239,16065,15976,15901,15446,15054,14638,14075,14001,13727
4,7,2015,12863,12135,11672,11437,11343,11103,11315,11996,12912,13810,14219,14214,14070,13833,13641,13479,13446,13578,13588,13372,13167,12883,12879,12576
5,7,2015,11947,11381,10967,10777,10598,10356,10284,10611,11236,11908,12296,12604,12795,12776,12825,12762,12875,13112,12963,12818,12748,12538,12665,12219
6,7,2015,11552,11062,10890,10806,10836,10927,11807,13460,14797,15428,15592,15731,15603,15718,15627,15493,15444,15427,14892,14572,14177,13757,13647,13156
7,7,2015,12291,11611,11283,11124,11128,11157,12061,13604,14967,15773,16163,16364,16353,16461,16347,16119,16008,15912,15084,14579,14156,13698,13625,13157
8,7,2015,12264,11585,11252,11082,11039,11140,11992,13548,14925,15629,15900,15949,15855,15843,15740,15672,15566,15553,14881,14424,14055,13830,13486,12856
9,7,2015,11935,11251,10941,10801,10779,10909,11715,13109,14412,14992,15162,15230,15040,15065,15005,14879,14831,14848,14400,13987,13619,13211,13082,12753
10,7,2015,11790,11165,10818,10700,10728,10832,11690,13110,14375,15019,15202,15229,15064,15040,14883,14720,14662,14789,14467,14117,13705,13201,13095,12788
11,7,2015,11964,11301,10883,10711,10591,10426,10546,11116,11947,12818,13147,13129,13002,12869,12716,12633,12676,12800,12826,12703,12542,12309,12437,11988
12,7,2015,11394,10797,10486,10291,10228,9980,9884,10167,10698,11271,11708,12043,12336,12340,12206,12143,12189,12577,12680,12509,12419,12388,12408,11835
13,7,2015,11244,10842,10632,10602,10657,10886,11737,13300,14741,15407,15799,15978,15941,15945,15843,15659,15563,15539,14910,14520,14086,13744,13444,12823
14,7,2015,11981,11407,11108,11023,11049,11209,12038,13648,14948,15647,15916,16011,15865,15843,15781,15663,15598,15491,14762,14322,13888,13559,13403,12892
15,7,2015,12012,11441,11160,10991,10984,11166,11928,13483,14842,15495,15810,15908,15875,16051,15982,15880,15754,15709,14982,14435,13988,13717,13530,12963
16,7,2015,12060,11350,11072,10926,10903,11068,11825,13195,14483,15158,15354,15409,15269,15347,15287,15224,15244,15258,14827,14453,14130,13799,13616,13055
17,7,2015,12100,11478,11178,11019,10988,11112,11992,13387,14743,15457,15736,15807,15632,15593,15440,15133,14959,14970,14512,14178,13763,13258,13209,12792
18,7,2015,12010,11359,10951,10724,10632,10517,10607,11141,11984,12804,13053,13055,12880,12632,12431,12331,12362,12496,12528,12386,12257,12121,12265,11885
19,7,2015,11224,10739,10445,10275,10175,10136,9969,10199,10640,11257,11801,12264,12428,12316,12052,11736,11794,12135,12278,12129,12128,12040,12326,11802
20,7,2015,11084,10629,10442,10368,10379,10573,11335,12670,13961,14647,14930,15077,15131,15308,15285,15262,15288,15245,14626,14164,13697,13405,13313,12744
21,7,2015,11911,11331,11043,10968,10926,11072,11836,13117,14260,14826,14972,14973,14862,14949,14990,14985,14993,14953,14436,13991,13579,13225,13276,12826
22,7,2015,11940,11319,11062,10886,10909,11006,11695,13031,14261,14896,15099,15127,15085,15148,15052,14961,14912,14850,14225,13843,13501,13244,13226,12696
23,7,2015,11885,11271,10912,10762,10758,10857,11577,12830,13970,14513,14752,14837,14750,14819,14782,14735,14683,14633,14185,13820,13522,13193,13150,12618
24,7,2015,11811,11205,10900,10790,10749,10906,11508,12753,13983,14686,14939,15010,14970,15003,14948,14920,14803,14723,14267,13798,13417,13098,12913,12426
25,7,2015,11697,11126,10759,10609,10519,10443,10481,11020,11826,12697,13110,13339,13302,13247,13162,12959,12799,12887,12672,12444,12147,11938,12056,11598
26,7,2015,10944,10438,10100,9878,9780,9649,9489,9714,10140,10618,11008,11212,11438,11429,11442,11600,11832,12263,12330,12168,12087,12108,12062,11471
27,7,2015,10848,10389,10188,10161,10179,10472,11171,12468,13732,14423,14669,14943,14946,14960,14809,14679,14508,14558,14062,13608,13193,12965,12821,12190
28,7,2015,11349,10763,10498,10318,10314,10581,11192,12452,13659,14303,14540,14522,14435,14438,14270,14145,14126,14196,13622,13236,12864,12716,12648,12021
29,7,2015,11244,10681,10456,10394,10414,10584,11224,12392,13572,14167,14450,14580,14364,14370,14233,14107,14126,14234,13749,13336,13006,12848,12797,12226
30,7,2015,11394,10802,10501,10365,10374,10504,11049,12188,13353,14013,14330,14510,14440,14362,14253,14092,14082,14038,13668,13277,12958,12700,12657,12062
31,7,2015,11316,10751,10449,10268,10270,10439,11104,12209,13231,13840,14005,14016,13893,13831,13668,13500,13480,13632,13296,13004,12668,12381,12369,11851
1,8,2015,11055,10486,10140,10026,9951,9919,9936,10443,11110,11803,12103,12134,11984,11831,11747,11713,11762,11910,12000,11892,11767,11801,11929,11379
2,8,2015,10772,10220,9879,9743,9649,9524,9334,9579,10062,10545,10870,11029,11129,11085,10953,10918,11054,11511,11786,11797,11748,11808,11960,11360
3,8,2015,10767,10323,10089,10006,9966,10280,10903,12154,13393,14043,14280,14404,14371,14429,14314,14257,14324,14377,13927,13578,13209,13118,12988,12387
4,8,2015,11556,10988,10691,10576,10579,10828,11538,12762,13904,14682,14969,15150,15046,14949,14712,14400,14159,14147,13599,13219,12895,12766,12631,12043
5,8,2015,11238,10655,10355,10217,10179,10408,11004,12196,13288,13914,14130,14190,13986,13983,13973,13941,13990,14132,13656,13277,12920,12909,12784,12205
6,8,2015,11370,10783,10480,10391,10360,10527,11131,12317,13544,14306,14617,14688,14668,14628,14541,14393,14377,14438,14053,13748,13465,13291,13124,12539
7,8,2015,11704,11049,10776,10649,10614,10824,11350,12466,13581,14288,14559,14700,14597,14528,14471,14344,14345,14435,14089,13730,13405,13207,12879,12348
8,8,2015,11511,10953,10582,10390,10291,10202,10245,10701,11394,12185,12500,12522,12348,12160,12008,11911,11935,12132,12203,12111,11965,12051,12057,11505
9,8,2015,10877,10314,9976,9801,9721,9661,9448,9662,10126,10676,11056,11250,11329,11265,11287,11281,11488,11930,12142,12077,12026,12237,12206,11642
10,8,2015,11032,10581,10366,10274,10290,10606,11316,12566,13967,14667,14889,15070,15026,15031,14918,14881,14826,14820,14208,13828,13464,13558,13225,12582
11,8,2015,11735,11155,10842,10701,10734,10975,11535,12813,14020,14764,15016,15082,15003,14994,14945,14846,14877,14958,14399,13954,13608,13750,13298,12658
12,8,2015,11804,11267,10950,10821,10791,11089,11769,12912,14182,14840,15113,15185,15014,15069,15036,14893,14876,14951,14327,13886,13538,13651,13311,12651
13,8,2015,11835,11190,10900,10751,10732,10949,11527,12745,13993,14685,14941,15073,14998,15142,15173,15185,15223,15213,14820,14506,14290,14256,13671,12966
14,8,2015,12100,11483,11212,11098,11094,11392,12108,13261,14509,15338,15693,15742,15652,15550,15411,15247,15171,15155,14681,14219,13791,13700,13269,12655
15,8,2015,11828,11228,10908,10738,10636,10628,10697,11110,11904,12776,13185,13299,13223,13113,12996,12857,12901,13121,13073,12855,12656,12689,12347,11807
16,8,2015,11160,10640,10316,10142,10034,10017,9898,10083,10672,11304,11794,12080,12263,12179,12075,11942,12001,12484,12641,12520,12519,12737,12380,11624
17,8,2015,10991,10536,10346,10301,10350,10727,11626,13013,14321,15059,15364,15672,15570,15619,15510,15385,15317,15351,14815,14407,14151,14002,13229,12501
18,8,2015,11620,11109,10824,10688,10708,11007,11925,13283,14538,15220,15499,15614,15446,15370,15283,15211,15136,15158,14525,14103,13803,13900,13191,12435
19,8,2015,11566,10950,10661,10532,10547,10850,11754,13085,14353,14893,15049,15130,14921,14906,14868,14846,14867,14929,14356,13879,13584,13863,13201,12433
20,8,2015,11598,11034,10700,10589,10603,10919,11727,13119,14334,14933,15115,15217,15082,15178,15140,15162,15192,15261,14812,14417,14188,14260,13487,12744
21,8,2015,11908,11324,11017,10854,10785,11079,11887,13214,14558,15240,15477,15526,15419,15437,15362,15248,15183,15220,14816,14410,14052,14113,13429,12809
22,8,2015,12037,11382,10966,10712,10608,10651,10784,11265,12083,12905,13162,13209,13117,12873,12676,12532,12592,12776,12832,12716,12566,12881,12550,11960
23,8,2015,11332,10717,10367,10164,9916,9884,9808,9954,10468,10994,11338,11539,11676,11577,11495,11514,11762,12398,12625,12698,12863,12949,12415,11684
24,8,2015,11016,10638,10478,10439,10472,10761,11620,13110,14433,15032,15180,15380,15380,15541,15486,15345,15310,15343,14730,14239,14022,14038,13190,12398
25,8,2015,11502,10964,10679,10608,10628,10964,11970,13370,14571,15110,15246,15279,15009,14999,14852,14828,14893,15012,14480,14128,14103,13982,13129,12332
26,8,2015,11486,10919,10617,10482,10516,10808,11856,13340,14633,15140,15301,15404,15233,15321,15424,15510,15507,15531,14852,14425,14430,14323,13465,12565
27,8,2015,11710,11149,10867,10761,10749,11043,12017,13511,14747,15447,15701,15883,15784,15832,15759,15631,15512,15391,14784,14421,14371,14142,13191,12349
28,8,2015,11459,10882,10525,10382,10428,10736,11717,13128,14381,14969,15072,15095,14872,14832,14742,14583,14455,14499,14095,13716,13539,13565,12757,12100
29,8,2015,11257,10631,10243,10071,9955,10020,10220,10708,11592,12313,12591,12618,12458,12261,12084,11948,12067,12383,12547,12396,12473,12693,12244,11652
30,8,2015,10983,10427,10104,9980,9881,9885,9935,10019,10654,11265,11551,11794,11923,11919,11794,11776,12043,12555,12718,12705,12968,13240,12692,11899
31,8,2015,11171,10751,10580,10557,10601,11000,12168,13773,15136,15759,15902,16003,15989,16234,16226,16403,16670,16665,15868,15361,15205,14888,13870,12899
1,9,2015,12005,11420,11179,11109,11091,11465,12555,14098,15301,15880,16010,16068,15869,15771,15580,15345,15200,15283,14746,14397,14420,14485,13564,12659
2,9,2015,11742,11144,10852,10759,10776,11179,12183,13782,15088,15644,15732,15737,15520,15524,15449,15250,15170,15238,14606,14243,14338,14345,13488,12624
3,9,2015,11759,11117,10848,10746,10775,11136,12204,13718,14893,15344,15440,15563,15510,15528,15492,15359,15370,15400,14910,14625,14767,14483,13479,12599
4,9,2015,11705,11119,10845,10745,10791,11092,12219,13716,14934,15537,15632,15622,15447,15439,15373,15349,15438,15507,15056,14648,14629,14165,13363,12648
5,9,2015,11806,11168,10788,10619,10535,10623,10932,11446,12403,13304,13681,13672,13515,13284,13006,12807,12782,13100,13223,13061,13264,13088,12486,11779
6,9,2015,11069,10521,10243,10094,10027,10068,10171,10345,10924,11549,11893,12150,12330,12258,12103,11879,12010,12713,12930,12849,13230,13037,12381,11558
7,9,2015,10927,10530,10384,10324,10467,10885,12181,13742,14984,15496,15557,15622,15491,15565,15495,15436,15453,15515,14948,14680,14878,14496,13488,12558
8,9,2015,11695,11122,10907,10807,10840,11229,12471,14118,15318,15832,15759,15835,15707,15733,15652,15530,15479,15478,14910,14632,14927,14603,13530,12607
9,9,2015,11743,11207,10945,10779,10857,11200,12358,13888,15074,15476,15463,15393,15179,15234,15151,14996,14972,15116,14569,14310,14682,14427,13412,12497
10,9,2015,11570,11017,10731,10685,10696,11076,12240,13759,14864,15205,15140,15105,14872,14966,14891,14816,14860,15068,14729,14516,14911,14458,13430,12542
11,9,2015,11698,11083,10783,10681,10735,11102,12290,13756,14878,15240,15158,15068,14811,14795,14709,14590,14580,14753,14343,14043,14373,13889,13035,12389
12,9,2015,11491,10836,10480,10281,10245,10358,10737,11247,12112,12965,13269,13233,13012,12867,12830,12818,12986,13370,13402,13336,13545,13073,12485,11823
13,9,2015,11112,10585,10326,10154,10066,10121,10274,10391,11077,11595,11953,12158,12231,12180,12046,12043,12347,13082,13311,13356,13684,13255,12604,11782
14,9,2015,11030,10597,10449,10429,10549,10942,12320,14116,15301,15764,15884,15980,15792,15803,15739,15710,15769,15835,15260,15084,15296,14676,13585,12655
15,9,2015,11781,11141,10859,10765,10792,11175,12453,14111,15190,15666,15701,15628,15396,15554,15720,15856,15840,15833,15314,15197,15313,14639,13630,12751
16,9,2015,11807,11181,10846,10771,10818,11197,12437,14273,15531,16185,16350,16390,16269,16313,16368,16329,16267,16350,15732,15384,15486,14810,13791,12864
17,9,2015,11860,11168,10918,10812,10843,11225,12503,14257,15505,16086,16198,16378,16270,16288,16234,16114,16059,15967,15367,15121,15480,14750,13690,12773
18,9,2015,11856,11218,10924,10810,10847,11219,12455,14050,15222,15672,15596,15466,15245,15364,15314,15203,15076,15227,14879,14735,14972,14149,13241,12507
19,9,2015,11705,11075,10680,10494,10439,10535,10990,11678,12531,13389,13683,13647,13507,13171,12878,12696,12835,13230,13308,13342,13644,13124,12503,11785
20,9,2015,11101,10505,10191,10060,10010,10027,10232,10435,11036,11661,12048,12332,12424,12303,12047,11903,12073,12737,12984,13170,13667,13131,12439,11598
21,9,2015,10870,10405,10262,10178,10277,10737,12159,13958,15109,15537,15397,15477,15314,15493,15453,15467,15536,15660,15183,15334,15334,14521,13477,12535
22,9,2015,11728,11135,10891,10797,10843,11272,12562,14361,15466,16009,16008,15938,15630,15623,15671,15683,15814,15938,15430,15442,15412,14625,13630,12707
23,9,2015,11814,11227,10956,10841,10884,11277,12512,14309,15373,15842,15861,15857,15684,15713,15629,15580,15591,15840,15285,15286,15417,14603,13540,12662
24,9,2015,11708,11164,10886,10756,10810,11219,12581,14389,15440,15942,16056,16159,16028,16102,16146,15936,15922,15896,15429,15470,15497,14562,13451,12557
25,9,2015,11606,10985,10698,10614,10655,10985,12281,14112,15171,15665,15608,15537,15230,15243,15132,14907,14769,14924,14585,14629,14872,13996,13059,12356
26,9,2015,11521,10785,10461,10346,10299,10390,10831,11463,12281,12990,13022,12964,12830,12597,12416,12305,12408,12851,13009,13237,13498,12945,12332,11627
27,9,2015,10909,10346,10007,9876,9829,9839,10038,10297,10872,11381,11580,11667,11860,11721,11586,11575,11820,12503,12769,13223,13546,12964,12267,11371
28,9,2015,10696,10281,10125,10125,10266,10705,12077,13984,15113,15505,15460,15495,15233,15404,15354,15272,15292,15356,14852,15197,15280,14421,13303,12363
29,9,2015,11456,10898,10643,10479,10549,10961,12401,14297,15225,15497,15305,15136,14858,14908,14866,14813,14936,15169,14810,15179,15276,14432,13359,12408
30,9,2015,11505,10873,10614,10527,10561,10947,12298,14239,15254,15505,15392,15209,14904,14941,14871,14806,14925,15202,14791,15079,15213,14397,13193,12317
1,10,2015,11425,10801,10522,10522,10421,10460,10920,12276,14209,15136,15423,15177,15048,14772,14782,14751,14712,14821,15063,14784,15251,15366,14416,13310
2,10,2015,11478,10890,10675,10675,10617,10658,11063,12402,14351,15342,15628,15437,15249,14890,14844,14739,14638,14652,14966,14717,15004,14978,14029,13112
3,10,2015,11538,10893,10458,10458,10312,10300,10383,10913,11635,12443,13138,13267,13220,13089,12812,12575,12441,12605,13100,13303,13756,13692,13006,12377
4,10,2015,10818,10280,9988,9988,9871,9904,9939,10169,10543,11179,11863,12157,12155,12108,11907,11735,11712,11982,12797,13100,13743,13699,13103,12424
5,10,2015,10749,10322,10156,10156,10097,10216,10727,12104,14236,15217,15630,15641,15592,15409,15589,15511,15465,15597,15751,15377,15853,15434,14478,13441
6,10,2015,11636,11069,10852,10852,10752,10816,11243,12568,14704,15724,16213,16331,16222,16026,16109,16034,15990,16041,16180,15641,15988,15586,14671,13606
7,10,2015,11774,11131,10807,10807,10729,10800,11205,12566,14614,15698,16101,16169,16194,16029,16133,16021,16004,16111,16304,15894,16140,15627,14678,13612
8,10,2015,11788,11122,10875,10875,10770,10848,11244,12557,14694,15774,16194,16138,16109,15867,15883,15794,15716,15745,15869,15569,16026,15638,14676,13615
9,10,2015,11775,11159,10881,10881,10758,10901,11273,12529,14630,15648,16085,16068,15907,15652,15571,15402,15241,15225,15431,15115,15571,15165,14148,13228
10,10,2015,11660,10970,10645,10645,10517,10476,10561,10963,11806,12699,13507,13812,13723,13342,13003,12765,12639,12849,13445,13631,14158,13868,13216,12558
11,10,2015,11096,10529,10220,10220,10075,10068,10123,10324,10759,11338,11875,12106,12106,12104,11962,11727,11691,12006,12873,13305,14078,13951,13268,12531
12,10,2015,10845,10455,10314,10314,10292,10486,11022,12570,14771,15724,16077,16009,15901,15503,15646,15502,15391,15422,15664,15404,16202,15753,14758,13591
13,10,2015,11598,10998,10788,10788,10737,10885,11345,12706,15006,16100,16453,16341,16281,16086,16156,16124,16123,16246,16339,16041,16570,16012,15053,13898
14,10,2015,11882,11251,11026,11026,10943,11006,11436,12798,15073,16370,16823,16953,17038,16909,17057,16999,16863,16941,17087,16747,16861,16092,15089,13946
15,10,2015,11956,11390,11091,11091,11040,11132,11548,12915,15169,16420,16922,17134,17112,16992,17045,16992,16965,17037,17207,16911,17004,16268,15100,14071
16,10,2015,12112,11443,11150,11150,11074,11188,11502,12852,15080,16468,16986,17101,17176,16923,16906,16764,16554,16498,16622,16358,16332,15559,14537,13619
17,10,2015,11918,11260,10919,10919,10742,10710,10788,11203,12119,13022,13965,14450,14622,14521,14312,14060,13893,13980,14416,14540,14664,14072,13337,12591
18,10,2015,11129,10549,10232,10232,10109,10111,10141,10316,10848,11392,12102,12581,12908,13092,13027,12918,12824,13030,13699,14071,14277,13833,13203,12522
19,10,2015,10859,10366,10230,10230,10237,10399,10884,12189,14227,15539,16086,16363,16389,16251,16271,16136,15936,15885,16017,15771,16085,15429,14478,13344
20,10,2015,11626,11054,10784,10784,10685,10765,11198,12482,14455,15646,16189,16225,16211,16107,16133,15956,15764,15646,15789,15693,16132,15522,14605,13541
21,10,2015,11639,11081,10842,10842,10763,10842,11224,12484,14490,15701,16247,16367,16203,16040,16139,16083,16011,16111,16283,16096,16110,15458,14603,13552
22,10,2015,11669,11083,10787,10787,10677,10761,11180,12441,14437,15713,16252,16393,16478,16274,16243,16198,16121,16097,16211,16032,16246,15610,14633,13570
23,10,2015,11779,11170,10844,10844,10735,10785,11198,12386,14303,15556,16064,16198,16165,15902,15847,15710,15433,15437,15678,15705,15676,14984,14102,13209
24,10,2015,11618,10951,10599,10599,10395,10383,10509,11003,11879,12818,13710,14089,14168,14037,13752,13449,13275,13378,13824,14228,14370,13810,13159,12525
25,10,2015,11148,10576,10241,10051,10007,10012,10116,10449,10887,11559,12067,12188,12338,12349,12263,12228,12358,12783,14051,14590,14277,13742,13046,12393
26,10,2015,10879,10536,10342,10342,10335,10488,11032,12487,14390,15548,15845,15667,15528,15298,15340,15370,15477,15804,16588,16862,16372,15512,14566,13432
27,10,2015,11587,11045,10829,10829,10800,10871,11324,12770,14519,15568,15825,15601,15501,15324,15432,15512,15705,16034,16841,16829,16405,15539,14610,13482
28,10,2015,11628,11106,10861,10861,10838,10852,11302,12676,14561,15713,16190,16263,16294,16176,16310,16299,16239,16438,17241,16871,16354,15501,14550,13473
29,10,2015,11675,11106,10844,10844,10781,10865,11310,12619,14489,15618,16062,15998,15846,15586,15640,15717,15791,16052,16867,16898,16452,15704,14631,13556
30,10,2015,11732,11018,10854,10854,10861,10941,11365,12637,14465,15520,15978,15929,15820,15667,15674,15578,15553,15758,16666,16596,15990,15164,14145,13220
31,10,2015,11655,11075,10767,10767,10641,10580,10610,11177,11930,12748,13441,13639,13525,13295,13060,12990,13058,13505,14687,15011,14549,13839,13098,12492
1,11,2015,11192,10717,10420,10292,10229,10308,10570,10927,11586,12192,12463,12569,12642,12599,12563,12602,13067,14468,14898,14551,14044,13317,12623,11699
2,11,2015,11087,10737,10600,10587,10692,11161,12672,14738,15822,16212,16043,16013,15757,15824,15827,15868,16244,16991,16983,16463,15688,14722,13630,12679
3,11,2015,11765,11267,11027,10938,11030,11477,12924,14937,15942,16266,16174,16101,15821,15927,15958,16079,16340,17385,17062,16513,15712,14756,13690,12757
4,11,2015,11850,11344,11044,10975,11011,11447,12828,14840,15914,16393,16476,16517,16381,16541,16518,16457,16732,17593,17149,16577,15796,14863,13795,12858
5,11,2015,11952,11402,11137,11057,11072,11476,12872,14872,15906,16400,16631,16716,16496,16573,16568,16594,16812,17554,17221,16720,15980,14967,13871,12953
6,11,2015,12148,11584,11253,11127,11130,11569,12940,14990,16078,16581,16767,16817,16656,16708,16547,16392,16654,17533,16988,16365,15577,14554,13647,13017
7,11,2015,12098,11460,11061,10884,10779,10865,11399,12273,13185,14124,14616,14751,14681,14491,14256,14216,14525,15678,15471,14972,14298,13553,12898,12212
8,11,2015,11536,10942,10475,10357,10201,10295,10590,10988,11605,12306,12780,12952,13117,13080,13030,13024,13435,14883,14945,14547,14044,13432,12772,11944
9,11,2015,11269,10899,10714,10704,10798,11266,12689,14726,15760,16158,16403,16610,16461,16457,16416,16502,16841,17692,17161,16588,15786,14817,13727,12732
10,11,2015,11921,11380,11147,11066,11056,11537,12936,15085,16161,16686,16837,17005,16938,16934,16841,16869,17118,17784,17222,16637,15859,14965,13853,12917
11,11,2015,12045,11471,11207,11134,11177,11576,13011,15132,16180,16687,16825,16879,16750,16783,16806,16770,17150,17804,16966,16373,15656,14779,13707,12787
12,11,2015,11941,11360,11076,10902,10999,11492,12975,15078,16028,16402,16446,16524,16289,16241,16220,16251,16627,17581,17183,16702,15933,14853,13748,12870
13,11,2015,12006,11427,11098,10995,11051,11496,12816,14992,16045,16449,16403,16412,16073,16105,16160,16419,16810,17520,16943,16278,15477,14476,13532,12867
14,11,2015,12086,11382,10943,10745,10730,10840,11371,12285,13138,13975,14418,14502,14488,14306,14167,14091,14668,15606,15271,14759,14113,13455,12864,12107
15,11,2015,11507,10926,10616,10478,10442,10508,10781,11281,11877,12659,13209,13638,13878,13842,13715,13601,14027,15151,15018,14677,14129,13462,12687,11826
16,11,2015,11185,10842,10609,10565,10701,11211,12782,15043,16192,16648,16699,16885,16778,16901,16851,16832,17149,17800,17078,16494,15676,14787,13701,12813
17,11,2015,11992,11466,11252,11102,11134,11599,13090,15243,16241,16724,16649,16711,16489,16658,16696,16741,17192,17921,17240,16725,15947,14994,13876,12903
18,11,2015,12052,11463,11166,11063,11118,11539,13011,15081,16093,16454,16470,16541,16390,16620,16678,16757,17174,18030,17239,16690,15890,14979,13823,12884
19,11,2015,12038,11491,11179,11020,11042,11524,12955,15159,16131,16522,16637,16799,16682,16823,16856,16986,17521,18048,17349,16822,16008,14969,13868,12911
20,11,2015,11995,11415,11051,10900,10916,11403,12862,15021,16321,16753,16844,16924,16699,16725,16581,16428,16650,17612,16948,16227,15425,14482,13519,12770
21,11,2015,11991,11370,10992,10821,10771,10917,11537,12577,13541,14428,14780,14801,14820,14786,14707,14593,15031,15993,15641,15078,14372,13690,13069,12331
22,11,2015,11690,11080,10808,10617,10575,10644,10893,11403,12016,12746,13270,13480,13801,13805,13689,13727,14332,15580,15469,15153,14622,13888,13159,12182
23,11,2015,11470,11062,10906,10809,11002,11575,13067,15308,16430,16802,16701,16623,16429,16581,16663,16779,17310,18275,17578,17039,16134,15166,14012,12987
24,11,2015,12143,11642,11357,11250,11356,11812,13231,15588,16892,17402,17570,17665,17566,17643,17669,17706,18132,18454,17589,17019,16191,15265,14105,13130
25,11,2015,12195,11649,11381,11160,11151,11662,13144,15457,16693,17102,17074,17056,16985,17063,17029,17091,17452,18317,17587,16998,16170,15239,14076,13086
26,11,2015,12255,11707,11416,11338,11412,11871,13315,15556,16599,16915,16804,16647,16346,16376,16405,16587,17077,18080,17530,17066,16212,15256,14096,13122
27,11,2015,12210,11631,11339,11250,11279,11706,13128,15420,16670,17147,17242,17299,17047,17079,17044,16959,17238,17856,17146,16497,15621,14576,13679,13002
28,11,2015,12196,11553,11172,11035,11030,11135,11611,12602,13556,14370,14621,14570,14403,14270,14214,14316,15064,16056,15599,15072,14403,13735,13102,12416
29,11,2015,11770,11167,10736,10497,10484,10564,10758,11249,12066,12787,13309,13804,14221,14349,14173,13988,14487,15448,15253,14910,14368,13692,12933,11971
30,11,2015,11377,10965,10769,10742,10884,11419,12913,15205,16491,17033,17158,17317,17337,17482,17450,17505,18080,18388,17582,17061,16134,15189,14119,13086
1,12,2015,12188,11638,11387,11258,11350,11788,13285,15465,16771,17153,17243,17303,17118,17200,17180,17079,17489,18068,17324,16794,15909,15027,13946,12973
2,12,2015,12108,11509,11246,11139,11169,11607,13068,15400,16738,17109,17120,17106,17033,17096,17004,16972,17438,18170,17472,16944,15988,15061,13959,12997
3,12,2015,12161,11600,11293,11162,11242,11656,13131,15516,16714,17008,17099,17070,16809,16784,16860,16932,17371,18184,17534,17042,16187,15153,13981,13084
4,12,2015,12276,11689,11368,11297,11399,11866,13266,15484,16733,17053,16868,16677,16339,16363,16376,16410,16790,17791,17218,16590,15677,14699,13725,12976
5,12,2015,12174,11524,11120,10936,10910,11058,11608,12573,13640,14618,15119,15239,15050,14906,14699,14604,15090,15783,15368,14824,14168,13596,13030,12359
6,12,2015,11460,10915,10611,10546,10479,10612,10863,11415,12023,12851,13346,13662,13934,13986,13887,13954,14589,15485,15379,14992,14365,13696,12890,12011
7,12,2015,11319,10897,10738,10680,10799,11332,12781,15175,16578,16944,17002,17066,16867,16845,16703,16626,17189,18100,17427,16891,16030,15080,13965,12948
8,12,2015,12105,11536,11268,11188,11265,11728,13182,15470,16702,16909,16702,16581,16461,16625,16761,16978,17681,18214,17542,16992,16133,15254,14158,13152
9,12,2015,12231,11637,11377,11261,11311,11788,13185,15580,16945,17150,17028,16804,16525,16607,16677,16865,17466,18564,17821,17226,16311,15403,14282,13203
10,12,2015,12349,11775,11481,11383,11471,11948,13365,15734,17036,17379,17399,17333,17118,17093,17152,17239,17852,18442,17888,17392,16541,15473,14313,13324
11,12,2015,12422,11777,11477,11389,11407,11909,13312,15658,17233,17726,17771,17853,17665,17553,17436,17284,17743,18220,17502,16838,15980,14989,14044,13233
12,12,2015,12251,11681,11306,11121,11072,11201,11768,12776,13951,14753,15077,15143,15091,14960,14851,14942,15659,16356,15925,15392,14771,14080,13383,12605
13,12,2015,11866,11283,10904,10775,10719,10705,10941,11463,12252,13002,13482,13844,14049,13964,13883,13930,14677,15804,15630,15261,14721,13957,13135,12189
14,12,2015,11486,11032,10865,10836,10936,11490,13022,15441,17020,17301,17234,17173,16928,17037,17067,17222,17914,18522,17800,17275,16391,15424,14224,13213
15,12,2015,12325,11747,11429,11310,11391,11855,13318,15677,16982,17275,17209,17037,16706,16871,16959,17097,17757,18457,17711,17204,16339,15352,14200,13147
16,12,2015,12207,11613,11359,11217,11256,11712,13145,15550,17131,17397,17642,17640,17440,17564,17476,17541,18034,18507,17650,17032,16238,15357,14247,13273
17,12,2015,12339,11720,11402,11262,11273,11732,13168,15471,16871,17106,17090,17049,16638,16760,16782,16818,17458,18078,17451,16926,16189,15260,14191,13226
18,12,2015,12328,11658,11331,11242,11232,11667,13001,15234,16685,17016,17107,17057,16853,16891,16776,16673,17146,17767,17100,16378,15640,14710,13812,13049
19,12,2015,12216,11529,11108,10941,10839,11037,11570,12529,13780,14639,15051,15205,15065,14812,14626,14563,15127,16130,15768,15193,14517,13821,13131,12390
20,12,2015,11712,11124,10772,10533,10451,10507,10767,11299,12129,12778,13286,13644,13819,13746,13572,13663,14347,15321,15195,14858,14369,13789,13039,12176
21,12,2015,11483,11014,10742,10731,10861,11347,12589,14310,15974,16491,16711,16743,16578,16669,16589,16631,17261,17968,17318,16800,15909,15070,14022,13038
22,12,2015,12176,11559,11206,11078,11139,11542,12751,14539,16198,16808,17047,17050,16926,16906,16809,16822,17343,17895,17253,16722,15954,14992,14020,13132
23,12,2015,12284,11625,11276,11168,11199,11619,12771,14424,15890,16413,16536,16453,16248,16158,16085,16100,16569,17641,17170,16700,15996,15077,14100,13210
24,12,2015,12284,11602,11223,11042,11081,11476,12526,14019,15434,16044,16386,16382,15962,15679,15503,15281,15833,16479,15809,15119,14288,13609,12966,12475
25,12,2015,11698,11066,10645,10450,10415,10519,10870,11339,12167,12788,13247,13451,13525,13392,13270,13235,13688,14447,14433,13913,13486,13086,12640,12108
26,12,2015,11394,10732,10359,10170,10124,10231,10556,11106,11867,12569,13128,13284,13229,13031,12896,12869,13423,14535,14449,13987,13526,13045,12545,11878
27,12,2015,11263,10672,10350,10187,10148,10239,10518,11072,11872,12548,13121,13637,13984,14008,13926,13922,14499,15388,15175,14727,14146,13512,12936,12141
28,12,2015,11429,10922,10624,10585,10663,11091,12140,13500,14857,15373,15554,15631,15518,15377,15313,15374,16077,17304,16672,16097,15325,14502,13613,12738
29,12,2015,11947,11280,10948,10808,10860,11238,12279,13777,15014,15651,15864,15913,15814,15804,15710,15679,16228,17192,16596,16032,15343,14532,13626,12832
30,12,2015,11991,11364,11048,10872,10891,11165,12116,13530,14745,15300,15457,15391,15212,15247,15230,15327,15904,17043,16582,16051,15342,14539,13601,12811
31,12,2015,12058,11303,10908,10727,10772,11116,11917,13107,14362,15100,15371,15264,15021,14877,14682,14530,14745,15678,15269,14528,13601,12871,12357,12137