0,0,1,2,3,4,5,6,7,8,9,10,11,12,13,14,15,16,17,18,19,20,21,22,23
2019-01-01,6545.98,6699.34,6911.95,6840.4,6719.15,6713.51,6728.43,6673.48,6693.42,6839.82,6920.26,6896.08,7193.23,7268.09,7152.59,7070.48,7100.68,6767.99,6864.51,6538.82,6573.89,6456.93,6452.8,6565.73
2019-01-02,6162.04,6840.42,6916.84,6863.11,6803.11,6766.77,6457.08,6155.61,6297.36,6436.33,6511.63,6469.68,6682.18,6591.05,6468.76,6470.57,6838.01,7194.8,7296.84,7138.38,6867.0,6630.26,6695.42,6719.89
2019-01-03,6926.03,6982.02,7001.88,7070.76,6759.42,7000.85,6634.72,7017.47,7418.87,7567.4,7573.37,7359.38,7385.41,7302.37,7159.56,7193.03,7386.01,7809.88,7893.87,7659.98,7270.29,7015.99,6977.86,6858.01
2019-01-04,6909.04,7077.01,7500.84,7674.45,7223.18,7110.63,6898.62,7086.14,7380.34,7544.88,7539.72,7335.44,7316.96,7213.85,7043.42,7069.74,7278.38,7703.91,7716.09,7444.69,7114.69,6810.85,6753.68,6576.12
2019-01-05,6477.16,6437.49,6594.28,6824.67,6943.82,6622.56,6741.14,6410.98,6549.32,6860.73,7070.75,7124.85,7280.41,7306.96,7154.1,7039.75,7062.1,7412.14,7440.95,7282.04,6921.24,6636.65,6520.39,6348.8
2019-01-06,6431.73,6859.53,7152.51,7064.73,6331.93,6399.29,6282.08,6270.14,6348.06,6372.58,6343.31,7237.35,7388.05,7464.8,7461.99,7319.54,7195.03,7110.52,7272.06,7148.72,6958.95,7042.24,6504.32,6486.91
2019-01-07,6674.9,7164.8,7441.69,7398.58,7398.09,7587.35,7083.43,7632.39,8069.17,8112.06,8153.95,8170.04,7967.04,8008.28,7929.0,7863.25,8000.06,8080.76,8092.24,7767.32,7318.24,7018.24,6857.34,7149.07
2019-01-08,7509.42,7652.21,7679.56,7681.73,7566.98,7794.01,7914.72,7943.16,8328.96,8374.22,8476.25,8498.74,8283.66,8296.36,8186.81,8083.33,8116.33,8253.92,8255.19,7935.69,7490.98,7087.19,6908.32,6657.17
2019-01-09,6714.31,6901.16,7083.76,7073.11,7044.36,7119.71,7392.66,8044.17,8435.56,8476.51,8575.58,8603.89,8427.79,8408.51,8275.31,8217.61,8244.93,8432.13,8512.52,8228.67,7789.69,7408.61,7262.44,7137.76
2019-01-10,6963.59,7172.61,7122.93,7058.85,7023.23,7330.56,7424.84,8159.73,8535.71,8545.82,8568.21,8484.21,8277.24,8284.15,8206.98,8141.68,8237.01,8498.6,8518.83,8237.69,7782.15,7406.5,7305.75,7056.68
2019-01-11,6766.62,6794.35,6992.1,7208.23,7147.19,6736.23,7389.1,8029.44,8411.78,8454.8,8464.48,8372.97,8158.55,8113.4,7991.42,7854.42,7883.82,8153.08,8221.82,7987.78,7585.62,7199.03,7149.39,6941.78
2019-01-12,6874.43,6840.67,6950.37,6729.36,7253.47,7115.36,7216.69,7074.85,7339.53,7397.89,7210.75,7164.73,7192.37,7350.44,7270.8,7169.43,7254.48,7430.87,7501.94,7251.78,6920.95,7075.26,6747.51,7000.58
2019-01-13,6657.7,7119.93,7149.96,7121.16,7211.65,6859.1,7214.69,7250.84,7476.18,7443.41,7284.94,7300.03,7143.01,7040.91,7328.15,7175.3,7195.75,7395.25,7368.69,7203.78,6906.85,6878.81,6540.06,6473.53
2019-01-14,7006.98,6888.59,7034.33,7051.59,7385.07,7677.42,7185.54,7927.33,8342.17,8379.94,8468.57,8513.23,8251.99,8300.07,8202.82,8071.36,8148.98,8293.54,8359.44,8025.74,7620.47,7232.91,7064.99,6738.23
2019-01-15,6628.49,6959.65,7242.94,7285.48,7257.27,7324.7,7737.37,8278.24,8637.25,8579.91,8492.84,8392.37,8044.76,8096.64,7884.01,8085.19,7975.0,8242.79,8434.54,8154.66,7728.04,7366.7,7258.92,7050.46
2019-01-16,6750.44,7210.0,7555.7,7678.12,7632.53,7810.54,7617.14,8345.6,8638.52,8535.85,8453.14,8302.49,7977.87,7988.67,7824.27,7799.21,7933.02,8257.0,8357.39,8090.57,7712.18,8059.78,7810.88,7575.46
2019-01-17,7302.1,7642.05,7631.96,7612.38,7543.55,7502.51,7834.66,8054.48,8369.74,8409.11,8468.85,8580.95,8400.59,8434.52,8362.59,8275.63,8283.34,8343.87,8382.21,8112.73,7673.53,7287.1,7103.22,6851.23
2019-01-18,6558.21,6910.98,6901.88,7297.38,7445.0,7390.98,7461.8,8285.39,8665.82,8616.66,8531.73,8490.87,8215.64,8168.79,7966.62,7870.57,7891.38,8258.85,8382.84,8178.0,7748.58,7349.95,7290.1,7124.47
2019-01-19,6988.53,6873.94,7523.57,7049.88,7292.97,7253.42,7049.75,6769.99,7093.18,7367.66,7400.01,7272.83,7214.04,7108.09,6960.78,6901.93,7089.14,7545.85,7761.93,7467.16,7190.15,6907.32,6842.36,6800.71
2019-01-20,6811.84,6922.7,7110.71,7424.42,7521.07,7488.43,7289.37,7069.66,7176.1,6628.35,6715.94,6726.07,6806.73,6699.64,7115.24,6996.93,6687.87,7134.85,7420.6,7261.34,6993.85,6660.74,6683.4,6478.21
2019-01-21,6429.83,6694.18,6868.83,6915.76,6972.73,6947.18,7351.02,8211.44,8673.27,8671.31,8679.26,8585.08,8265.21,8221.48,8076.97,8040.85,8139.34,8422.73,8562.39,8258.09,7777.25,7320.25,7178.76,6962.47
2019-01-22,6723.35,6880.1,7251.46,7238.57,7211.03,7236.77,7629.52,8400.7,8850.69,8868.76,8880.02,8797.53,8498.89,8478.16,8287.74,8190.4,8283.09,8569.26,8694.22,8365.58,7914.46,7486.14,7364.52,7172.92
2019-01-23,7467.76,7872.92,7797.26,7815.35,7704.19,7636.26,7704.63,8479.05,8881.63,8858.79,8835.24,8725.91,8489.75,8467.66,8333.29,8260.91,8284.51,8584.71,8714.76,8374.87,7938.44,7442.53,7348.58,7106.6
2019-01-24,7075.28,6949.0,6937.81,6940.12,6971.59,7040.55,7658.63,8543.62,8997.16,9038.4,9071.22,8964.96,8664.6,8711.51,8575.93,8520.54,8608.86,8771.15,8830.4,8533.97,8049.94,7585.05,7460.96,7284.29
2019-01-25,7105.07,7136.9,7157.96,7346.46,7159.46,7167.85,7832.86,8657.89,9071.16,9061.52,8954.4,8744.12,8457.82,8362.82,8172.16,8070.87,8150.16,8495.6,8708.05,8437.23,7993.46,7539.72,7447.87,7285.6
2019-01-26,7114.93,7298.58,7572.88,7751.88,7636.47,7524.3,7590.72,6966.0,7111.13,7414.04,7434.68,7455.96,7439.23,7681.64,7268.13,6956.28,7008.86,7477.14,7718.42,7469.47,7609.19,7480.39,7454.43,7577.36
2019-01-27,7503.81,7471.94,7404.98,7321.82,7201.06,7128.89,7035.85,7014.86,7330.76,7454.59,7531.93,7744.03,7841.3,7706.27,7501.0,7148.26,7047.67,7248.76,7490.13,7320.17,7436.28,7428.62,7318.69,7204.19
2019-01-28,7655.06,7615.58,7700.05,7703.21,7662.17,7927.28,7431.9,8223.52,8692.68,8810.44,8853.06,8796.61,8483.16,8552.86,8483.16,8437.56,8503.73,8659.74,8767.28,8412.79,7940.87,7511.39,7390.44,7148.07
2019-01-29,7009.6,6967.96,6992.79,6885.9,6796.65,7097.45,7832.61,8551.32,8956.72,8960.19,8911.7,8783.33,8415.58,8365.08,8224.72,8224.16,8325.31,8551.82,8829.83,8491.7,8080.47,7645.73,7498.87,7225.01
2019-01-30,7356.03,7522.93,7501.95,7498.37,7402.79,7470.89,7945.73,8508.78,8837.13,8891.02,8936.31,8934.05,8669.07,8634.85,8460.31,8310.98,8291.49,8548.17,8824.31,8514.08,8093.08,7667.4,7509.04,7263.95
2019-01-31,7171.04,7291.99,7341.9,7425.98,7242.17,7169.8,7888.11,8639.45,9087.0,9131.89,9142.97,9072.74,8780.25,8670.93,8466.44,8415.81,8427.76,8697.27,8863.08,8540.83,8091.6,7592.09,7396.43,7583.75
2019-02-01,7113.6,7104.43,7075.08,6991.31,6881.0,6939.15,7338.75,8072.76,8501.59,8607.32,8694.48,8730.32,8520.89,8500.41,8360.08,8247.46,8160.03,8300.56,8368.97,8059.68,7634.59,7175.26,7267.78,7231.3
2019-02-02,7139.22,7246.64,7496.03,7587.18,7489.2,7500.99,7387.49,7312.55,7044.48,7142.67,7183.84,7125.44,7118.0,7337.16,7369.71,7351.81,7208.4,7342.22,7494.4,7248.54,6921.9,6798.96,6804.12,6879.02
2019-02-03,6902.77,7001.62,6966.45,6971.35,6748.99,6709.68,6660.37,6629.69,6944.45,6781.32,6771.58,6852.96,7127.39,7298.88,7041.56,6977.35,6999.3,7210.07,7635.98,7473.4,7196.13,6882.34,6867.59,6669.78
2019-02-04,6950.1,7094.14,6974.12,7141.82,7147.18,7107.89,7583.69,8301.57,8695.45,8738.03,8697.36,8625.58,8314.0,8278.54,8065.4,7956.55,7999.35,8229.81,8496.08,8215.34,7780.3,7351.02,7165.26,6967.65
2019-02-05,6883.05,6874.14,6951.89,7213.24,7276.37,7469.42,7790.82,8494.96,8850.81,8882.26,8836.07,8697.59,8366.63,8340.03,8219.38,8069.88,8116.38,8245.86,8617.21,8343.57,7908.33,7508.53,7406.85,7333.46
2019-02-06,7436.73,7481.86,7806.71,7770.47,7707.24,7492.66,7803.36,8463.11,8886.22,8949.3,8918.33,8805.74,8531.64,8499.49,8314.81,8289.0,8306.18,8456.43,8714.54,8413.2,7985.84,7558.19,7383.34,7345.45
2019-02-07,7077.63,7182.15,7497.58,7468.6,7085.58,7205.98,7748.38,8411.29,8748.55,8838.01,8881.43,8835.74,8618.65,8618.43,8490.83,8406.88,8363.02,8400.03,8527.31,8249.17,7815.8,7365.79,7165.39,7048.63
2019-02-08,6853.49,6945.01,6901.29,6845.57,6854.26,6912.78,7596.98,8254.81,8587.26,8576.01,8491.18,8366.96,8061.85,7917.03,7756.98,7656.13,7617.47,7936.67,8267.45,8030.26,7638.66,7209.69,7083.77,7122.6
2019-02-09,7108.2,7014.58,6938.8,6767.32,6709.06,6758.61,6838.61,6755.19,6848.07,6963.8,7018.6,7041.44,7212.74,7242.62,7126.13,6942.67,6947.2,7133.12,7352.13,7120.08,6864.92,6819.75,6786.2,6845.7
2019-02-10,6991.38,6896.79,6891.56,6770.23,6759.84,6776.21,6822.86,6826.78,6835.96,6689.43,6715.57,6730.69,6913.19,7139.88,6975.32,6984.3,6775.88,7017.89,7232.66,7175.27,7426.99,7703.22,7712.94,7492.11
2019-02-11,6978.75,7328.52,7321.87,7322.13,7273.81,7427.85,7363.36,8031.7,8411.36,8509.94,8536.27,8548.35,8203.42,8238.2,8092.9,8041.91,8017.94,8120.21,8394.87,8093.79,7637.93,7169.89,7010.29,6847.65
2019-02-12,6942.02,6850.14,6779.18,6958.1,6891.7,7123.7,7601.58,8218.98,8545.23,8539.58,8440.77,8367.78,7965.04,7975.34,7824.28,7718.68,7756.73,7913.32,8328.32,8117.37,7691.49,7240.27,7143.68,6971.24
2019-02-13,7051.7,7033.83,7118.69,7166.66,7117.73,6935.3,7560.9,8214.65,8491.3,8441.57,8344.65,8190.81,7916.75,7978.15,7956.81,7732.26,7497.36,7671.5,8195.1,7997.98,7617.65,7239.26,7121.4,6858.72
2019-02-14,6859.03,7055.18,7009.32,7152.19,7083.06,6883.79,7480.95,8140.81,8436.66,8316.1,8200.24,8117.92,7751.14,7801.56,7924.54,7478.07,7471.15,7596.07,8087.51,7920.71,7521.72,7142.3,7091.06,6807.38
2019-02-15,6874.14,7098.46,7123.72,7246.65,7054.94,6973.83,7388.45,8064.15,8331.25,8253.1,8193.74,8104.98,7604.83,7626.23,7773.05,7299.9,7229.9,7351.26,7785.79,7680.58,7341.76,7005.16,6929.75,6659.79
2019-02-16,6527.87,6443.79,6693.61,6831.27,6939.64,6690.82,6569.65,6364.29,6631.97,6732.59,6688.32,6918.47,6766.64,7207.68,7106.74,7141.05,6670.68,6578.07,7100.89,6919.14,6673.65,6583.54,6454.05,6360.78
2019-02-17,6298.14,6669.19,6920.04,6885.61,6779.16,6785.88,6624.8,6306.66,6441.54,6650.99,6883.53,7045.01,7075.74,7029.82,6922.96,6734.5,6343.0,6154.07,6832.67,6766.12,6541.62,6320.53,6318.71,6393.23
2019-02-18,6701.77,6736.77,6975.87,6978.04,6858.92,6867.59,7158.59,7791.24,8136.97,8020.89,7969.1,7998.7,7558.48,7538.6,7304.99,7238.76,7269.81,7394.65,7863.54,7668.23,7229.37,6857.44,6838.68,6581.82
2019-02-19,6836.31,6835.44,6878.06,7003.52,7008.54,6913.24,7365.57,7968.7,8193.11,8113.56,8016.8,7951.92,7486.44,7450.31,7300.3,7294.97,7205.14,7373.32,7906.64,7734.3,7325.29,6908.83,6789.36,6470.58
2019-02-20,6517.19,6435.61,6456.55,6518.36,6508.23,6832.85,7345.23,7957.35,8258.77,8101.18,8021.46,7969.93,7554.64,7526.55,7275.41,7242.2,7234.98,7409.86,7944.21,7778.91,7369.14,6964.22,7066.28,6706.55
2019-02-21,6500.82,6514.78,6665.59,7309.8,7197.65,7066.94,7546.01,8166.16,8414.09,8302.99,8224.4,8182.18,7751.3,7660.48,7496.08,7365.22,7349.56,7520.48,8056.56,7936.42,7560.11,7266.66,7029.42,6573.6
2019-02-22,6769.55,6923.37,7035.1,7055.87,6852.68,6747.45,7225.6,7758.52,8146.65,8104.95,8045.24,8086.47,7678.64,7642.47,7491.37,7563.85,7481.76,7390.54,7779.23,7664.89,7443.6,7409.41,7112.88,7151.84
2019-02-23,7027.66,7154.69,7376.7,7327.65,7219.3,7114.56,6842.02,6414.84,6774.7,7023.39,7247.36,7447.72,7326.15,7435.36,7213.77,6848.6,6654.29,6534.57,7050.83,6980.84,6826.77,7036.83,6893.96,6906.16
2019-02-24,6944.01,7154.13,7193.38,7100.05,6978.34,6926.15,6954.22,6943.84,6740.71,6957.37,7341.25,7290.11,7177.8,7134.61,6936.76,6939.16,6792.94,6665.1,6907.14,6899.72,6654.51,6465.77,6404.88,6369.64
2019-02-25,6437.78,6642.33,6855.17,6921.0,6708.82,6692.38,7274.96,7852.93,8154.38,8117.28,8049.24,8100.49,8147.95,8180.34,7914.72,7513.52,7212.35,7290.72,7823.04,7773.62,7316.68,7023.29,6842.83,6760.58
2019-02-26,7083.83,7014.1,6917.67,7121.62,6738.14,6942.03,7315.69,7955.35,8202.57,8111.51,8067.37,8058.22,8277.55,8401.82,7990.41,7437.7,7270.67,7280.57,7785.9,7733.57,7353.14,6987.22,6824.5,6536.26
2019-02-27,6618.11,6760.16,6753.24,6786.32,6629.91,6530.84,7248.96,7848.7,8090.32,7975.48,7919.75,8117.31,7971.99,7821.74,7737.41,7232.89,7049.89,7122.0,7669.19,7613.96,7212.2,6833.28,6718.01,6530.18
2019-02-28,6769.35,6735.53,6769.65,6940.78,6853.52,6879.68,7172.25,7655.37,7912.05,7811.96,7814.39,7952.97,7756.25,7723.14,7567.18,7321.62,7107.18,7056.4,7555.19,7491.13,7097.25,6754.93,6558.21,6224.38
2019-03-01,5821.3,5878.97,5959.04,5961.28,5857.28,6073.55,6577.18,7177.03,7666.7,7910.7,8054.59,8085.87,7821.1,7812.92,7631.57,7484.3,7377.45,7397.8,7667.72,7493.39,7038.16,6635.08,6535.88,6264.66
2019-03-02,5997.35,5969.09,5866.07,5851.07,5722.79,5790.44,5913.97,5933.26,6156.55,6402.2,6406.71,6433.87,6436.95,6364.73,6196.85,6143.81,6166.09,6379.47,6797.06,6692.91,6455.69,6810.55,6336.34,6997.84
2019-03-03,6871.06,6792.96,6792.13,6810.13,6686.33,6682.44,6702.54,6641.49,6787.48,6980.61,7091.08,7112.81,7094.91,6956.96,6414.5,6300.05,6386.39,6310.95,6405.22,6523.06,6285.86,6810.82,6778.24,6617.45
2019-03-04,6630.37,6631.16,6703.22,6741.92,6661.96,6668.59,6698.06,7163.52,7588.67,7781.71,8028.03,8306.64,8067.7,8051.16,7788.16,7621.5,7541.17,7490.49,7813.59,7678.84,7236.84,7123.82,6626.0,6442.37
2019-03-05,7172.9,7124.24,7130.5,7197.69,6862.19,6684.83,7025.48,7554.95,7786.86,7699.5,7709.6,7733.48,7435.35,7389.85,7255.05,7195.19,7056.07,7055.3,7479.63,7429.35,7038.14,6699.13,6540.09,6594.73
2019-03-06,6507.03,6813.41,7003.83,7089.33,7096.61,7173.18,7101.69,7440.57,7704.21,7698.84,7746.61,7802.97,7748.5,7551.45,7377.4,7222.98,7203.52,7262.93,7614.33,7473.19,7077.22,6798.58,6842.7,6908.27
2019-03-07,6953.01,7065.91,6920.5,7019.11,6960.55,7118.24,6979.92,7445.03,7902.4,8242.41,8448.15,8470.0,8763.9,8819.95,8776.85,8596.48,8361.2,7505.67,7660.62,7636.59,7298.82,7379.82,7198.89,7039.07
2019-03-08,7146.21,7275.21,7169.97,7283.0,7224.96,6825.99,6929.32,7446.79,7840.05,7929.23,8030.46,8038.74,7696.82,7691.21,7487.65,7343.84,7148.93,7077.47,7456.05,7414.93,7070.24,6693.44,6759.16,7195.08
2019-03-09,7157.75,7148.79,7050.05,7066.09,6990.25,6975.4,7133.18,6908.62,7117.56,7163.95,7270.75,7176.52,7032.39,6938.62,6996.41,7089.15,7113.47,7114.07,6864.83,6991.94,7028.42,6980.97,6603.31,6672.09
2019-03-10,6825.83,6813.9,6780.1,6706.35,6607.16,6492.39,6487.2,6011.02,6271.63,6590.4,6633.85,6822.35,6892.29,6571.1,6899.01,6893.21,6738.13,6713.92,7018.86,6706.87,7016.07,7097.82,7044.07,7033.38
2019-03-11,6951.5,6800.83,7036.63,7125.35,7042.59,7117.31,6756.19,7272.49,7792.0,8035.27,8179.47,8299.86,8188.02,8193.55,7899.92,7675.51,7684.37,7569.29,7866.25,7821.13,7378.68,6974.23,6767.36,6502.77
2019-03-12,6333.98,6561.44,6605.2,7104.68,7171.64,6973.62,7198.27,7659.44,7813.52,7732.41,7836.45,7959.41,7601.19,7599.52,7488.68,7286.75,7220.36,7138.8,7530.98,7508.58,7134.47,7526.79,7490.25,7345.44
2019-03-13,7121.12,7224.57,7095.9,7264.81,7133.78,7151.62,7417.61,7471.76,7770.28,7768.24,7912.12,7958.48,7655.56,7590.77,7654.24,7712.47,7766.29,7457.4,7671.36,7659.13,7406.07,7336.34,7116.04,7093.82
2019-03-14,7120.03,7243.46,7187.46,7151.52,7065.9,7170.04,6962.04,7489.06,7873.5,7965.06,8112.11,8227.84,8000.71,8053.43,8004.57,8013.45,7999.3,7915.95,8023.93,7873.93,7378.5,7023.35,7022.15,7363.65
2019-03-15,7376.56,7380.22,7237.32,7434.92,7256.37,7425.15,7221.94,7524.61,7932.93,8090.93,8166.66,8186.89,7883.68,7866.19,7732.43,7679.43,7588.55,7494.58,7455.21,7411.05,7237.34,7375.14,7051.17,7552.49
2019-03-16,7210.36,7241.66,7140.26,7080.2,6980.32,6956.97,7031.71,6583.49,6643.86,6348.67,6378.45,6619.77,7007.87,7318.14,7162.11,7074.99,7038.29,7149.24,6647.75,6749.08,6603.46,6612.03,6085.72,6873.87
2019-03-17,6722.87,6563.26,6531.94,6480.87,6469.56,6486.83,6455.23,6356.01,6594.08,6934.85,6931.68,6968.29,7042.85,6991.34,6838.63,6922.2,7183.01,7383.62,6831.47,6812.51,6571.29,6270.25,6209.08,5991.76
2019-03-18,6440.08,6440.3,6701.65,6873.98,6813.87,6266.28,6905.09,7509.17,7801.33,7766.33,7846.91,7951.44,7766.7,7667.1,7514.21,7380.53,7293.54,7275.33,7550.52,7596.85,7198.7,6811.14,6665.29,6350.25
2019-03-19,6153.08,6191.95,6093.4,6183.33,6115.94,6280.76,6982.01,7396.26,7626.93,7584.09,7598.7,7608.88,7338.61,7293.37,7145.07,7014.3,6963.68,6968.63,7301.29,7463.56,7123.24,6734.46,6747.13,6503.69
2019-03-20,6566.21,6566.16,6559.91,6726.29,6698.93,6889.02,7286.16,7730.49,7896.7,7857.39,7812.84,7840.62,7554.8,7537.93,7284.17,7159.68,7045.27,7054.77,7436.59,7654.66,7329.02,6888.46,6724.6,6455.37
2019-03-21,6505.58,6632.01,6622.31,6628.42,6529.9,6681.53,7144.82,7615.97,7781.13,7742.0,7954.71,8249.61,7939.85,7791.45,7597.83,7311.05,6921.09,6877.67,7245.67,7528.38,7214.25,6782.04,6703.91,6381.37
2019-03-22,6148.77,6456.28,6477.39,6495.94,6313.42,6359.29,7096.51,7546.65,7765.77,7705.03,7674.67,7686.76,7303.52,7805.49,7488.3,7257.28,6681.71,6667.57,6986.76,7255.38,6983.18,6615.17,6559.89,6338.1
2019-03-23,6433.66,6239.2,6198.74,6251.25,6249.19,6121.4,6043.95,6462.43,6681.79,6824.69,6870.8,7254.49,7080.82,6965.17,6720.03,6402.5,6412.91,6012.1,6231.75,6507.49,6334.35,5962.85,5915.88,5747.09
2019-03-24,5605.06,5907.75,5862.32,6018.5,5967.35,6015.57,5826.6,5597.98,5898.43,6014.52,6561.99,6707.31,6901.0,6755.51,6582.84,6489.31,6631.08,6535.76,6121.67,6329.93,6160.07,6310.57,6302.66,6537.59
2019-03-25,6605.95,6620.2,6752.16,6805.28,6825.94,6996.23,6631.19,7279.2,7592.47,7587.86,7776.81,7880.99,7534.79,7633.32,7558.84,7379.77,7346.16,7181.59,7475.25,7635.84,7213.94,6942.77,6582.21,6389.65
2019-03-26,6453.91,6353.06,6469.8,6598.26,6571.99,6843.18,6986.5,7571.65,7840.38,7844.71,7849.47,8119.73,7697.09,7677.97,7534.62,7347.2,7094.79,7015.08,7329.47,7624.51,7339.01,6900.81,6736.8,6402.32
2019-03-27,6325.07,6412.13,6513.68,6539.8,6428.28,6413.52,7027.83,7483.3,7649.63,7540.33,7651.31,7781.61,7419.68,7332.66,7177.8,7057.74,7008.66,6910.85,7255.49,7498.44,7200.83,6785.63,6652.06,6347.86
2019-03-28,6298.88,6221.0,6212.21,6234.54,6053.2,6236.92,6902.37,7335.95,7531.1,7477.28,7480.5,7579.56,7160.77,7112.92,6941.21,6824.49,6771.99,6775.8,7038.42,7348.22,7058.46,6630.08,6458.74,6142.91
2019-03-29,6235.46,6190.75,6339.91,6443.44,6250.0,6513.47,6877.55,7285.43,7466.57,7484.6,7618.19,8102.01,7807.13,7697.28,7428.52,6946.02,6636.8,6536.64,6860.85,7149.17,6816.12,6520.86,6388.15,6155.47
2019-03-30,5945.36,5995.37,6042.15,6027.8,5927.95,5919.95,5999.05,5766.94,5893.34,6194.14,6920.86,7063.91,7007.25,7035.87,6864.96,6605.96,6225.23,5780.52,6024.1,6336.3,6160.48,5885.92,5851.63,5627.21
2019-03-31,5562.9,6015.73,6025.32,6034.91,6044.5,6075.14,5817.34,5875.49,6104.16,6552.9,6754.33,6793.58,6685.64,6520.61,6431.79,6367.01,6474.67,5959.87,5802.68,6003.39,6086.37,6253.73,6060.15,6006.09
2019-04-01,6120.28,6107.7,6037.79,5986.75,5898.48,6238.8,6838.39,7079.62,7012.06,7024.77,7167.93,7179.95,7425.99,7329.15,7102.34,6980.29,6261.63,6169.95,6236.44,6371.38,6061.47,5912.33,5917.84,6220.23
2019-04-02,6361.09,6403.51,6381.2,6338.32,6196.97,6367.58,6915.59,7109.41,7025.26,7003.69,7085.1,6729.09,7183.51,6965.03,6950.37,6927.27,6338.73,6293.46,6313.1,6323.63,6054.09,5901.08,5826.16,5670.89
2019-04-03,5817.62,6129.24,6103.84,5700.21,5669.95,6181.33,6767.44,7077.16,7022.73,7033.85,7166.66,6822.13,6850.93,6814.3,6835.96,6899.29,6946.28,7032.32,6978.79,6816.56,6482.29,6236.73,5970.36,5779.24
2019-04-04,5771.07,5732.82,5778.21,5573.33,5935.85,6697.88,7450.26,7857.81,7998.38,8133.55,8205.69,7983.04,7948.3,7801.43,7673.65,7572.27,7394.9,7370.74,7302.69,7198.32,6874.57,6660.06,6396.94,6092.54
2019-04-05,6049.43,5957.01,5879.94,5776.74,6032.43,6776.91,7360.8,7654.29,7676.53,7643.2,7622.06,7265.19,7151.98,6897.97,6653.78,6488.22,6383.97,6474.79,6556.66,6668.02,6443.78,6292.78,6097.77,5841.54
2019-04-06,5742.55,5654.64,5583.08,5444.23,5469.73,5621.85,5615.68,5853.02,6068.67,6055.93,5984.35,5942.99,5857.91,6354.87,6087.17,5642.63,5472.8,5598.72,5720.79,5932.82,5741.5,5658.92,5474.18,5395.98
2019-04-07,5682.79,5454.75,5616.83,5560.52,5338.84,5128.72,4799.06,4975.14,5428.27,6718.22,6904.3,7123.23,7023.64,6840.01,6789.57,6813.78,6726.73,5624.78,5729.95,5899.14,5683.74,5552.66,5316.28,5555.37
2019-04-08,5517.57,5534.42,5590.54,5659.31,5699.36,6261.73,6827.07,7152.67,7161.03,7133.37,7234.66,6835.5,6836.39,6715.77,6650.55,6562.81,6383.0,6420.67,6407.72,6435.76,6219.61,6002.7,5706.29,5647.34
2019-04-09,5704.64,5955.5,6049.4,5996.72,5955.09,6551.02,7197.55,7490.14,7455.22,7462.2,7550.33,7094.78,7239.29,7561.03,7567.51,7556.22,6851.99,6567.41,6394.91,6528.46,6362.56,6129.0,5910.01,5835.4
2019-04-10,6083.83,6114.93,6048.92,5980.01,6085.93,6390.55,6928.97,7271.96,7280.73,7347.95,7463.8,7066.67,7062.4,7280.39,7221.61,7107.02,6806.31,6882.41,6805.15,6725.11,6400.33,6206.07,6015.43,6092.24
2019-04-11,6074.53,6087.38,6054.75,5984.87,5862.99,6336.73,6942.71,7325.08,7419.21,7519.37,7571.29,7226.81,7374.64,7216.58,7143.86,7028.35,6670.78,6666.23,6556.67,6508.97,6231.77,6047.46,5888.28,5772.74
2019-04-12,5988.92,6081.1,6132.6,6094.89,5928.51,6479.52,7001.79,7209.48,7205.74,7203.5,7204.25,6872.65,6753.98,6624.67,6641.68,6328.1,6284.22,6374.21,6362.69,6388.02,6212.62,6036.66,5833.38,5705.35
2019-04-13,5747.48,5479.67,5521.28,5461.6,5445.4,5609.28,5610.02,5904.9,6063.99,6047.22,6062.58,6024.23,6132.22,6576.58,6716.26,6752.89,6437.99,6072.85,6118.29,6122.78,5884.94,5751.19,5627.53,5503.82
2019-04-14,5407.58,5480.55,5640.21,6021.26,5860.07,5792.13,5468.66,5393.16,5641.61,6243.86,6387.9,6667.93,6977.87,7013.09,6933.62,6835.91,6531.81,6106.36,6119.97,6212.58,6001.38,5877.92,5668.79,5440.99
2019-04-15,5512.69,5725.17,5868.13,5825.16,5987.93,6609.04,7158.96,7387.66,7387.64,7422.62,7398.56,7019.69,6987.49,7305.2,7130.63,6979.78,6543.08,6368.44,6322.6,6483.98,6345.07,6157.07,5929.09,5985.5
2019-04-16,6355.01,6607.16,6892.96,6819.26,6413.69,6651.49,7108.51,7382.95,7331.54,7355.8,7466.09,7092.07,7106.88,6971.25,6865.45,6946.07,6714.75,6756.58,6734.98,6664.53,6415.44,6186.13,5803.4,5498.31
2019-04-17,5649.49,6409.2,6450.45,6482.76,6222.21,6421.83,6875.69,7158.22,7163.37,7182.16,7277.54,6883.14,7026.47,6808.73,7085.91,6885.42,6296.35,6259.85,6194.19,6347.16,6291.97,6112.05,6302.61,6313.55
2019-04-18,6174.49,6043.68,6378.73,6387.34,5891.22,6349.51,6749.28,7001.21,6966.54,6968.21,7062.08,7090.33,6936.11,6704.18,6750.2,6357.53,6004.96,5855.2,5817.59,5899.31,5802.64,5714.16,5557.53,5731.14
2019-04-19,6415.89,6460.75,6530.99,6414.19,5831.43,5081.27,4837.43,4987.93,5150.19,5759.92,5977.18,6952.66,6795.4,6778.05,6600.63,6601.66,6189.1,5218.76,5135.91,5265.45,5289.42,5370.2,5101.7,6089.77
2019-04-20,6239.74,6332.93,6333.35,6376.36,5735.99,5267.15,5183.9,5339.76,5624.18,6690.29,6781.44,6914.34,6875.74,6838.8,6798.27,6702.47,5293.92,5013.98,5016.96,5119.26,5131.85,5091.61,5298.05,5949.53
2019-04-21,6181.53,6277.61,6212.36,5981.98,6078.01,5851.36,5842.02,5966.9,6318.47,6354.34,6401.14,6380.64,6325.1,6219.89,6114.18,6114.46,5915.48,4812.6,4674.09,4945.39,5307.38,5414.35,5521.99,5856.17
2019-04-22,6101.44,6144.03,6232.23,6182.54,6266.25,6304.93,6198.91,6200.83,6382.34,6682.33,6755.79,6668.24,6489.0,6490.91,6461.57,6407.03,6647.62,6769.22,6215.57,6493.98,6462.58,5894.68,6574.5,6468.66
2019-04-23,6449.52,6468.61,6396.49,6255.61,6727.22,6177.98,6341.0,6753.56,7125.57,7509.27,7335.53,6958.03,6989.02,6956.23,6873.22,6288.66,6092.57,6154.57,6030.35,6028.76,5976.85,5736.36,5640.3,5958.77
2019-04-24,6205.34,6605.23,6594.67,6337.08,5835.95,5924.71,6442.7,6745.75,6804.29,6939.72,7617.1,7611.79,7818.88,7660.67,7463.33,7249.22,6900.71,6902.23,6672.5,6332.33,6216.76,6019.76,6018.79,6097.82
2019-04-25,6373.81,6392.94,5978.06,5280.37,5491.27,6140.79,6603.51,6829.34,6828.26,6908.28,7061.33,6688.23,6766.66,6710.35,6596.21,6436.05,6270.7,6336.42,6231.49,6226.75,6151.61,5905.07,5551.31,5327.41
2019-04-26,5285.68,5286.87,5115.06,5037.56,5413.34,6214.49,6879.33,7360.59,7541.97,7670.23,7758.52,7499.48,7430.39,7220.51,7054.57,6924.83,6725.35,6715.73,6620.04,6585.8,6287.07,6112.07,5960.89,6679.54
2019-04-27,6927.2,7079.98,7011.96,6780.55,6739.18,6674.56,5843.12,5901.53,6142.64,6554.53,6617.49,6950.5,7192.93,7167.82,6987.7,6831.02,5841.06,5940.72,5896.36,5892.43,5758.49,5677.87,5504.23,5398.45
2019-04-28,6181.56,6753.22,6845.78,6804.64,6551.87,6526.42,6558.31,6481.82,5916.62,5712.27,5568.01,5684.16,5875.75,6875.25,6817.8,6744.36,5863.82,5713.65,5774.05,5860.93,5817.79,5676.81,5397.81,5208.16
2019-04-29,5569.22,5782.95,6036.19,5651.33,5651.05,6401.51,6989.67,7367.29,7391.94,7519.05,7608.52,7186.08,7177.7,7074.57,7014.24,6943.23,6843.83,6904.75,6794.74,6698.23,6485.78,6187.0,5829.47,5600.92
2019-04-30,5548.0,5627.58,5573.4,5608.07,5706.68,6426.39,7038.04,7330.01,7252.33,7313.63,7420.61,6998.51,7134.16,6987.24,6962.64,6766.26,6408.86,6449.5,6391.83,6407.23,6345.19,6137.44,5854.59,5775.73
2019-05-01,5833.02,6121.1,6477.19,6696.32,6977.92,7294.07,7176.22,6982.85,7737.97,8001.38,8171.38,7926.84,7800.46,7617.78,7572.21,7496.85,7300.74,7203.37,6056.97,5885.95,5926.78,5793.65,6084.48,6375.66
2019-05-02,6747.63,6780.45,6676.95,6555.13,6465.55,6016.35,6404.91,6618.8,6674.0,6743.43,6960.86,6655.57,6757.63,6604.28,6486.7,6454.89,6376.48,6490.84,6451.65,6304.49,6033.15,5853.37,5601.65,5399.82
2019-05-03,5446.51,5819.81,6199.87,5726.14,5487.26,5959.83,6514.29,6933.58,6994.11,7128.09,7201.38,6757.01,6647.85,6552.5,6483.21,6246.11,6130.32,6160.61,6098.54,6033.22,5920.05,5758.86,5494.53,5315.07
2019-05-04,5339.37,5247.52,5312.72,5449.48,5611.03,5474.49,5438.54,5595.05,5955.33,6767.44,6879.31,7250.08,7035.3,7261.53,7145.64,7271.75,7124.06,6625.25,6118.24,6040.63,5869.95,5747.91,5556.08,5565.73
2019-05-05,6226.88,6190.79,6207.42,6524.4,6547.68,6394.55,6286.1,6574.7,6650.74,7131.78,7270.76,7238.85,7147.88,7162.56,6940.19,7142.38,6703.37,5668.97,5644.89,5688.79,5741.65,5630.54,5388.75,5587.29
2019-05-06,5855.68,6052.25,6185.69,6419.03,6514.36,6394.24,6861.32,7111.61,7001.01,7029.28,7149.34,6861.83,6871.46,6736.06,6597.8,6464.58,6342.22,6396.11,6360.09,6372.48,6307.47,6078.5,5801.03,5614.96
2019-05-07,6342.45,6360.33,6360.81,6266.31,5862.41,6450.64,6907.88,7059.32,6970.08,6998.87,7056.64,6679.18,6634.85,6485.54,6287.8,6180.35,6103.63,6224.73,6185.66,6190.71,6094.97,5879.44,5540.22,5311.63
2019-05-08,5372.57,5391.31,5389.01,5346.55,5327.94,6017.71,6681.46,7067.21,7196.67,7324.46,7491.52,7302.46,7312.38,7188.03,7072.02,6966.71,6870.5,6900.58,6749.23,6609.45,6308.26,6101.88,5906.07,5703.15
2019-05-09,6157.65,6226.09,6264.28,5698.54,5764.44,6122.89,6545.42,6860.79,6969.19,7065.61,7154.05,6726.69,6709.72,6607.49,6509.38,6457.09,6232.04,6248.79,6243.95,6186.38,6007.94,5809.68,5502.38,5561.36
2019-05-10,5616.06,5691.02,5666.75,5353.61,5420.29,5979.21,6591.41,6935.17,6934.39,7013.18,7108.44,6688.27,6575.42,6457.44,6439.08,6139.87,6085.63,6104.0,6060.67,5991.49,5890.79,5673.68,5317.75,5120.4
2019-05-11,5085.56,4979.8,5095.87,5229.23,5186.72,5268.27,5216.41,5318.81,5561.41,5901.34,6438.0,6388.8,6328.63,6440.74,6443.72,6473.01,6640.28,6914.0,6457.46,6405.23,6183.01,5920.77,5926.17,5593.93
2019-05-12,5650.74,5378.46,5228.42,5068.38,5123.54,5155.1,5077.79,5166.76,5493.01,5962.23,6032.04,5963.03,6028.4,6038.59,5855.16,5687.81,5460.57,5686.8,5568.14,5614.15,5549.19,5451.62,5291.88,5607.16
2019-05-13,5863.33,5979.71,5920.28,5914.43,5961.46,6026.85,6493.45,6810.16,6939.1,7023.63,7395.5,7349.93,7482.75,7383.21,7366.28,7088.12,6839.49,6347.87,6140.17,5988.81,5958.59,5805.66,5573.94,5612.66
2019-05-14,5937.01,6000.46,6125.38,5777.95,5837.92,6215.92,6601.03,6782.35,6789.07,7329.37,7588.84,7232.55,7389.16,7236.25,6666.85,6753.32,6546.92,6266.55,6102.27,6117.39,6093.08,5901.85,5662.63,6030.27
2019-05-15,6330.79,6326.71,6343.83,6209.85,6216.68,6345.62,6822.03,7029.42,7078.15,7208.6,8256.75,7856.55,7792.76,7392.35,7116.61,6928.79,6685.45,6613.84,6493.69,6368.35,6264.52,6169.94,6046.86,5929.29
2019-05-16,5939.39,5971.31,6282.4,5964.56,5976.73,6230.27,6670.29,6907.74,6915.68,6992.01,7106.94,6787.27,6761.27,6597.61,6495.16,6332.9,6228.35,6259.95,6187.78,6129.28,6100.34,5990.67,5610.17,5467.31
2019-05-17,5595.91,5635.53,5606.17,5425.15,5733.23,6172.07,6675.01,6968.03,7006.89,7098.78,7171.44,6834.22,6770.56,6608.25,6385.1,6278.23,6233.43,6395.1,6347.04,6242.69,6062.17,5940.61,5632.7,5430.86
2019-05-18,5598.54,5781.58,5865.18,5681.39,5765.39,5201.82,5107.88,5386.95,5627.63,5770.84,6088.07,6590.33,6981.62,6972.05,6484.11,5861.95,5480.06,5659.44,5654.06,5559.79,5562.12,5515.0,5271.43,5377.53
2019-05-19,5322.64,5491.46,5579.25,5447.25,5610.83,5584.47,5478.51,5638.36,5953.81,6080.61,6293.77,6582.27,6869.23,6807.44,6642.93,6721.91,6186.31,5525.58,5577.47,5610.83,5551.04,5412.68,5107.51,5135.69
2019-05-20,5558.87,5695.45,6013.98,6316.54,5913.01,6039.45,6816.87,7342.34,7461.53,7673.46,7916.22,7546.47,7585.35,7488.52,7373.65,7250.54,7022.15,7065.02,6844.17,6616.24,6329.46,6122.01,5912.85,6286.3
2019-05-21,6685.02,7106.15,7056.77,6890.67,6255.68,6454.37,6980.38,7463.2,7499.9,7656.24,7825.51,7303.56,7288.38,7214.02,7099.64,6967.59,6789.12,6865.07,6684.87,6516.13,6412.71,6357.48,6342.95,6565.34
2019-05-22,6883.36,7022.11,7010.91,6853.7,6910.84,6467.48,6855.63,7138.11,7148.3,7218.37,7366.8,7103.33,7137.2,7060.05,7050.12,6738.41,6402.06,6440.33,6249.05,6159.4,6169.7,6039.66,5678.82,5784.26
2019-05-23,6091.88,6242.42,6163.63,6066.16,5937.92,6141.41,6657.81,6939.42,6990.85,7461.88,8224.1,7534.81,7285.17,7321.83,7272.81,6941.44,6339.38,6281.08,6185.53,6078.23,6091.47,5993.39,5641.51,5600.28
2019-05-24,6105.85,6287.81,5882.01,5478.57,5422.91,5916.37,6381.57,6670.37,6754.26,6978.78,7421.53,7477.96,7600.96,7494.96,7066.46,6822.51,6234.3,6052.18,5901.83,5798.78,5731.23,5676.15,5452.33,5250.67
2019-05-25,5383.0,5574.86,5566.26,5380.51,5626.19,5588.49,5254.42,5457.26,5696.36,5917.08,6004.27,5918.96,5909.83,6128.43,6455.38,6513.25,6062.13,5815.43,5621.56,5447.88,5362.32,5286.13,5092.71,5066.41
2019-05-26,5326.54,6056.1,6369.11,6337.43,6253.93,6206.57,6198.8,6507.04,6731.41,6960.36,7129.8,7164.18,6982.93,6876.43,6833.14,6842.16,6941.93,6944.2,5868.05,5779.91,5911.94,5909.81,6601.46,6516.62
2019-05-27,6547.66,6661.1,6615.86,6527.19,6532.34,5849.86,6367.98,6750.91,6841.25,6981.19,7687.44,7271.59,7300.67,7284.35,7215.45,6984.67,6372.34,6377.41,6167.79,5983.31,5883.52,5769.46,5329.41,5215.11
2019-05-28,5144.59,5078.33,5027.29,4792.08,5010.81,5696.04,6412.63,6908.16,7073.44,7292.43,7542.16,7103.48,7059.41,6962.07,6897.51,6767.52,6601.72,6584.69,6355.98,6156.62,6024.78,5929.09,5796.93,5580.62
2019-05-29,5778.16,6422.53,6473.43,6225.06,6010.86,5982.69,6602.7,6967.57,6992.16,7142.41,7298.07,7026.92,6925.94,6758.8,6584.98,6378.03,6164.11,6184.27,6060.28,5919.9,5817.91,5720.36,5539.56,5814.22
2019-05-30,6095.32,6551.56,6687.56,6518.61,6549.12,6527.78,6449.88,6760.71,6874.43,7029.38,7099.69,6992.84,6937.07,6866.25,6769.42,6598.12,6421.7,5784.0,5103.9,5073.51,5163.04,5239.06,5083.66,5320.55
2019-05-31,6129.04,6306.37,6280.39,6101.41,5875.97,5068.88,5251.72,5544.6,5688.13,5773.9,5935.81,5829.21,6602.46,6585.1,6371.25,5920.78,5523.42,5511.01,5418.08,5304.59,5296.49,5331.25,5164.07,4908.2
2019-06-01,5354.75,5554.77,5664.19,5718.6,5780.87,5573.6,5476.52,5154.57,5609.14,6414.52,6738.98,6700.07,6696.23,6562.35,6488.42,6396.9,6003.49,5134.6,4810.16,4768.93,4815.93,4900.49,4707.21,5118.18
2019-06-02,5509.22,5874.54,5806.11,5850.22,5885.89,5834.24,5803.55,5837.05,6074.66,6286.79,6409.28,6458.71,6354.47,6253.6,6229.4,6270.33,6290.18,5156.18,4935.58,4941.8,5026.29,5120.15,5071.72,5706.71
2019-06-03,6224.66,6292.9,6252.15,6096.87,5849.82,5125.1,5842.62,6275.26,6400.8,6534.28,6881.91,6551.55,6637.1,6568.66,6538.04,6353.78,6077.25,6122.45,5970.08,5783.99,5690.7,5568.23,5160.54,5001.07
2019-06-04,5112.74,5162.37,4962.13,4945.83,4901.56,5289.9,5961.27,6307.51,6351.99,6502.04,6711.0,6430.59,6669.8,6698.41,6663.51,6350.22,6081.43,6041.01,5835.19,5632.14,5716.74,6019.69,6717.51,6608.74
2019-06-05,6723.63,6648.14,6220.43,5701.94,5704.03,5493.67,6083.87,6384.71,6486.48,6660.04,6871.35,6543.08,6597.91,6525.02,6407.08,6299.91,6193.83,6216.75,6041.3,5840.34,5747.24,5772.27,5871.23,5846.32
2019-06-06,6320.19,6677.27,6604.11,6448.86,6075.47,5733.87,6185.33,6550.62,6693.95,6897.98,7113.54,6717.19,6798.16,6706.46,6560.57,6393.5,6121.09,6013.69,5836.13,5627.38,5586.26,5543.98,5182.15,4941.52
2019-06-07,4918.51,5128.38,5014.42,4806.45,4897.09,5418.22,6074.28,6453.22,6542.03,6610.52,6662.66,6558.08,6842.17,7088.53,6934.86,6630.52,6022.58,5911.13,5786.29,5613.27,5602.07,5522.12,5785.21,6243.83
2019-06-08,6370.56,6376.86,6203.59,6002.17,5979.85,6022.67,6195.85,6361.05,5798.69,5969.9,6831.94,6804.38,7109.17,7042.66,6866.58,6790.71,6825.73,6751.17,5548.49,4966.81,5001.11,5082.59,4877.58,5653.91
2019-06-09,6097.23,6167.32,6115.59,5851.78,5772.03,5744.44,5811.35,6083.83,6140.32,6123.59,6521.01,6541.11,6465.3,6440.93,6243.03,6033.71,5071.13,5159.22,5131.27,5046.56,5012.97,5015.73,5104.8,5031.73
2019-06-10,4873.41,4915.04,5440.13,5483.73,5584.45,5598.04,4901.34,5039.44,5454.79,5756.46,6213.14,6598.7,6876.15,6691.94,6552.07,6340.5,5771.06,5726.31,5620.67,5466.07,5448.07,5443.04,5215.35,5253.16
2019-06-11,5922.07,6166.68,6111.79,6052.59,5952.87,5640.2,6274.73,6726.58,6880.27,7067.08,7349.07,6956.54,6995.19,6937.67,6837.91,6685.75,6453.45,6498.13,6320.52,6074.66,5983.69,5843.36,5459.5,5441.54
2019-06-12,6050.38,6228.65,6315.01,5973.44,5415.7,5822.66,6611.67,7039.07,7153.4,7144.94,7209.56,6749.3,6705.66,6522.35,6437.15,6311.08,6184.48,6184.43,6068.77,5840.76,5787.51,5719.77,5374.7,5817.36
2019-06-13,6254.35,6428.06,6624.76,6432.6,6527.07,5637.68,6130.67,6456.84,6557.65,7297.94,8164.14,8071.12,8088.81,7852.78,7702.04,6955.62,6228.06,6210.4,5996.07,5762.13,5693.98,5760.27,5462.81,5420.21
2019-06-14,6193.2,6198.03,6214.66,6126.11,5951.87,5617.62,6169.84,6574.05,6659.28,6834.02,7083.22,6755.64,6756.04,6617.16,6426.99,6251.68,6107.56,6135.16,5992.59,5779.77,5730.84,5747.01,5494.53,5560.93
2019-06-15,5746.55,6153.35,6213.34,5930.87,5889.44,6025.62,6114.8,6480.45,6480.85,6814.1,7120.7,7305.28,7141.43,7107.64,7068.91,7169.05,7332.87,7112.82,5847.38,5787.9,5590.1,5378.81,5242.92,6002.52
2019-06-16,5894.59,5850.48,5744.79,5548.47,5570.66,5752.02,5922.03,6019.17,6147.65,6385.87,6525.75,6618.79,6442.36,6258.7,6170.13,6124.06,5646.39,5250.89,5236.27,5148.78,5183.22,5289.31,5145.49,4899.56
2019-06-17,5068.65,5792.01,5967.79,5751.75,5351.46,5544.84,6194.19,6616.03,6719.44,6983.91,7597.5,6957.44,6742.51,6623.69,6545.97,6469.39,6255.88,6258.65,6061.37,5843.61,5826.45,5792.05,5376.08,5185.34
2019-06-18,5740.88,6032.03,5895.79,5651.2,5368.41,5771.11,6282.42,6676.99,6805.61,6978.88,7296.03,6974.84,7101.82,7047.28,6934.29,6806.39,6600.42,6564.55,6310.06,6056.84,6019.61,5959.08,5644.66,5232.6
2019-06-19,5165.46,5086.41,4919.25,4744.87,4945.02,5646.47,6198.24,6600.63,6704.77,6886.7,7137.18,6763.87,6947.94,6869.82,6758.62,6628.61,6461.44,6469.12,6271.48,6042.33,5965.1,5865.55,5499.3,5407.4
2019-06-20,5364.14,5303.04,5404.64,5906.8,5872.99,5538.34,6015.52,6484.95,6677.35,6878.8,7096.26,6820.75,6707.7,6638.33,6538.85,6465.42,6322.03,6349.0,6131.34,5917.09,5778.93,5790.98,5597.21,5947.94
2019-06-21,6359.52,6205.95,6120.36,5967.11,5681.68,5652.13,6234.46,6676.1,6807.7,7027.87,7349.12,7314.83,7488.88,7436.07,7428.97,7181.67,6635.73,6342.98,6186.1,5955.86,5856.14,5829.26,5593.12,5364.44
2019-06-22,5555.12,6170.46,6198.53,5888.13,5874.03,5813.28,5551.3,5655.71,6137.68,6963.81,7152.98,7321.53,7278.02,7143.36,7022.85,6923.94,5998.77,5640.7,5462.49,5334.38,5414.12,5691.49,6285.76,6058.71
2019-06-23,6173.21,6430.81,6359.42,6126.49,5974.23,6010.84,6039.29,6291.74,6518.66,6543.96,6689.68,6858.05,6794.15,6699.58,6644.89,6632.58,6313.19,5387.52,5376.78,5296.29,5332.49,5454.13,6271.64,6234.05
2019-06-24,6433.63,6462.41,6396.44,6329.82,6393.06,5761.47,6371.52,6782.3,6911.39,7116.25,7331.46,6981.5,7106.5,7237.91,7005.37,6828.93,6686.96,6656.01,6444.38,6180.58,6131.51,6109.46,5767.03,6367.76
2019-06-25,6606.03,6623.81,6723.56,6541.24,6270.73,5873.62,6579.48,7005.95,7156.23,7370.13,7551.72,7154.69,7201.21,7203.79,7115.96,7005.64,6849.16,6758.88,6598.89,6355.92,6276.38,6266.43,5856.77,5552.14
2019-06-26,5382.65,5337.72,5469.08,5266.31,5316.7,5983.67,6697.54,7151.77,7287.05,7435.87,7585.04,7224.89,7313.72,7318.52,7195.87,7090.97,6851.2,6819.06,6683.45,6460.02,6334.99,6341.43,6053.14,6413.74
2019-06-27,6507.0,6450.51,6360.03,5904.06,5473.69,5975.6,6688.88,7151.08,7301.67,7506.2,7675.77,7371.41,7583.75,7521.83,7406.19,7243.31,6969.53,6907.5,6745.93,6480.96,6457.71,6512.19,6216.82,5811.2
2019-06-28,5739.86,5567.96,5523.2,5394.82,5398.08,6017.53,6632.09,7086.73,7249.57,7415.55,7545.53,7234.75,7355.66,7468.64,7394.47,7044.53,6818.48,6782.77,6601.21,6385.52,6280.04,6320.6,5978.9,5731.01
2019-06-29,5683.54,5885.96,5788.19,5572.23,5504.27,5628.02,5839.92,6113.18,6808.07,7400.32,7452.25,7627.02,7502.64,7415.95,7305.82,7263.57,6262.34,5849.47,5745.46,5651.96,5594.99,5735.15,5503.16,5409.58
2019-06-30,5914.49,6349.21,6326.67,6120.62,5959.57,6027.89,6200.95,6371.72,6626.05,6976.91,7074.04,7180.95,7086.03,6869.77,6783.64,6776.19,5883.21,5672.09,5677.72,5652.73,5689.39,5826.96,5495.34,5379.47
2019-07-01,5379.67,5748.71,5962.01,5908.46,5942.28,5692.11,6409.69,6924.41,7106.18,7256.95,7487.26,7158.12,7273.59,7503.37,7595.86,7236.62,6760.59,6682.19,6517.05,6265.08,6132.54,6046.17,5651.2,5550.13
2019-07-02,5647.64,6442.23,6485.14,6222.73,5401.02,5693.53,6451.63,6878.08,7010.93,7199.8,7320.09,6882.58,7285.25,7265.65,7349.87,7079.76,6596.81,6566.8,6362.99,6110.92,5980.19,5960.4,5535.33,5270.77
2019-07-03,5488.58,5476.75,5545.43,5444.13,5300.04,5601.98,6324.77,6756.81,6802.26,6976.8,7260.75,7102.65,7018.29,6931.86,6850.84,6647.3,6451.77,6344.14,6113.57,5843.41,5750.76,5778.48,5387.77,5163.89
2019-07-04,5190.05,5307.25,5214.53,5062.52,5128.64,5594.64,6293.39,6683.92,6691.63,6913.63,7114.39,6788.65,6862.58,6795.6,6737.78,6633.06,6459.95,6441.09,6230.22,5984.05,5899.69,5950.25,5540.8,5260.02
2019-07-05,5208.48,5069.62,4963.09,4765.43,4968.75,5594.91,6251.1,6646.88,6792.13,6980.02,7101.35,6805.14,6835.92,6873.71,6784.28,6430.44,6314.3,6309.47,6190.91,5951.82,5776.37,5833.22,5538.16,5200.6
2019-07-06,5088.99,4893.43,4785.02,4559.84,4535.15,4665.81,4832.65,5155.86,5442.26,5621.16,5999.68,6538.75,6506.91,6231.14,5743.6,5424.58,5364.22,5293.48,5185.29,5069.48,5051.5,5122.47,5019.06,5064.65
2019-07-07,5344.34,5626.08,5673.09,5789.25,5709.66,5773.46,5804.45,5361.61,4957.77,5339.39,4958.53,5101.4,6380.9,6627.41,6556.67,6323.65,5997.34,5140.43,5062.28,5005.18,5043.91,5167.36,4860.01,4641.27
2019-07-08,4662.01,5255.62,5391.78,5422.61,5454.04,5382.9,5998.39,6359.16,6526.61,6741.09,6939.04,6628.13,6763.22,6713.68,6617.52,6467.0,6288.3,6259.39,6031.36,5800.59,5670.66,5624.89,5269.55,5381.5
2019-07-09,5924.27,5881.88,5837.47,5459.03,5475.2,5428.08,6044.92,6438.26,6550.68,6676.38,6803.41,6487.28,6539.73,6470.54,6381.96,6256.41,6045.22,6034.23,5823.01,5622.07,5517.46,5591.72,5240.59,4888.51
2019-07-10,5002.35,5344.01,5410.09,5189.03,5057.63,5274.81,5866.88,6238.72,6327.12,6475.81,6695.58,6805.06,7232.49,7330.58,7459.52,7308.07,6030.95,5986.88,5835.09,5647.17,5577.26,5581.18,5231.93,5537.01
2019-07-11,5804.1,5594.77,5638.62,5511.96,5549.12,5355.82,5937.63,6325.38,6513.53,6663.06,6815.48,6454.12,6751.08,6730.96,6439.49,6317.92,6178.25,6097.44,5877.1,5611.09,5533.07,5460.11,5092.47,4850.49
2019-07-12,4841.56,4799.98,5112.84,4932.45,5181.37,5256.07,5929.97,6351.63,6575.86,6802.52,6958.26,6591.95,6555.92,6420.62,6255.58,6273.83,5994.69,5966.99,5764.82,5515.01,5454.72,5433.36,5198.12,5278.37
2019-07-13,5356.67,5475.2,5483.15,5459.04,5500.94,5215.01,5094.66,5442.5,5361.21,5235.17,5384.45,5645.56,6346.2,6464.26,6576.55,6557.33,6567.89,6316.19,5916.72,5651.65,5202.85,5156.47,5603.9,5570.38
2019-07-14,5573.07,5695.27,5545.35,5395.16,5325.89,5369.52,5245.87,5049.75,4921.41,4863.68,5064.4,4710.02,5241.32,5724.2,5647.71,5690.51,5475.06,4975.36,4840.03,4862.74,4905.91,4882.22,4639.55,4982.43
2019-07-15,5561.51,5670.84,5706.1,5657.6,5612.58,5191.26,5827.08,6295.19,6383.51,6583.5,6681.14,6336.12,6383.73,6264.47,6150.06,5974.31,5824.86,5818.65,5600.81,5378.99,5315.1,5276.86,4956.0,5944.04
2019-07-16,5986.21,6021.19,6010.71,5754.56,5709.98,5154.02,5730.33,6098.44,6179.93,6304.23,6426.1,6153.05,6869.18,6919.87,6767.67,6825.88,5844.1,5777.83,5611.56,5405.73,5377.95,5329.22,4954.55,5227.44
2019-07-17,5694.41,5968.01,5989.65,5561.23,4855.84,5077.15,5705.69,6079.8,6123.95,6290.64,6458.76,6155.02,6796.22,6822.42,6777.76,6735.25,5876.8,5880.44,5695.86,5479.87,5443.21,5406.23,5048.42,4799.56
2019-07-18,4738.33,5341.26,5226.43,5040.33,5207.6,5119.05,5643.64,6070.62,6170.01,6407.84,6554.33,6804.03,6995.69,7077.44,6516.9,6131.98,5952.86,5928.29,5766.75,5559.12,5488.48,5461.64,5146.98,4929.38
2019-07-19,5196.79,5027.62,4855.29,4604.61,4693.92,5188.96,5746.49,6193.04,6338.12,6467.46,6559.24,6241.86,6248.99,6152.86,6023.02,5866.9,5851.48,5844.48,5685.13,5449.02,5379.0,5400.83,5108.88,4911.93
2019-07-20,4861.67,4995.82,5121.66,5569.78,5559.38,5774.43,5875.59,5958.03,6247.79,6080.01,6446.16,7335.76,7512.71,7423.68,7327.29,6729.86,5800.77,5144.0,5004.51,4912.09,4932.81,4958.93,4764.67,5064.49
2019-07-21,5819.19,5920.85,5881.27,5855.08,5584.4,5717.04,5572.94,5634.11,5924.26,6853.86,6985.65,6779.92,6902.91,6842.98,6793.9,6810.36,6737.9,5465.31,4970.23,4943.83,5057.29,5089.76,4775.15,4690.39
2019-07-22,5422.12,5574.0,5431.7,5221.47,4782.93,5121.71,5676.94,6118.14,6210.31,6422.38,6562.36,6350.73,6412.84,6370.03,6331.71,6207.35,6069.89,6057.98,5841.01,5641.82,5636.82,5567.98,5314.85,5127.67
2019-07-23,5016.4,4891.92,4768.61,4649.57,4812.93,5331.69,5937.17,6359.88,6498.93,6667.58,6785.63,6510.42,6572.14,6542.56,6516.67,6399.0,6299.02,6274.35,6069.3,5872.64,5857.74,5810.68,5438.99,5213.61
2019-07-24,5486.4,5842.0,5966.7,5787.63,5567.75,5469.06,6041.42,6411.4,6595.75,6794.93,6939.38,6700.73,6764.78,6713.79,6595.06,6506.55,6374.63,6345.1,6161.74,5899.23,5855.34,5815.02,5517.3,5273.97
2019-07-25,5179.61,5011.36,4888.14,4691.55,4873.83,5432.82,6026.07,6453.52,6615.82,6793.88,6939.66,6700.83,6768.63,6734.03,6647.31,6573.47,6470.06,6444.9,6242.3,6026.64,5908.31,5842.81,5479.33,5274.35
2019-07-26,5238.15,5531.25,5351.05,5146.57,4925.85,5463.48,6091.52,6510.09,6694.27,6881.71,6883.84,6713.73,6693.94,6605.24,6533.49,6419.05,6385.31,6398.8,6172.43,5870.57,5678.12,5494.37,5283.72,5088.38
2019-07-27,5259.97,5250.85,5576.02,5531.96,5462.61,5404.05,5419.83,5377.28,5627.24,6038.45,6349.37,6487.31,7110.58,7131.34,6587.59,6831.48,6253.26,5935.37,5659.27,5429.49,5295.19,5399.64,5693.67,6475.95
2019-07-28,6703.72,6570.81,6503.04,6298.21,6283.98,6290.61,6134.82,5594.66,5996.0,6378.48,6860.43,6776.3,6975.54,6908.99,6920.23,6498.87,6126.45,5729.27,5227.3,5058.92,5079.55,5026.82,5172.25,5122.07
2019-07-29,5670.07,6415.33,6442.27,6345.44,5774.07,5098.21,5581.85,6014.75,6184.34,6713.07,6753.86,6403.82,6431.09,6330.86,6235.28,6028.35,5926.27,5946.84,5751.78,5547.66,5547.37,5501.85,5142.48,4978.06
2019-07-30,4905.32,4802.97,4734.85,4554.08,4670.12,5122.58,5753.83,6125.91,6212.17,6398.6,6524.13,6268.85,6289.45,6198.2,6146.66,6106.76,6054.79,6034.66,5839.16,5653.91,5642.24,5540.99,5167.66,4940.31
2019-07-31,5014.29,5284.03,5315.48,4943.26,5056.83,5174.76,5728.95,6143.64,6295.96,6441.05,6563.69,6309.32,6237.24,6116.85,5991.31,5836.01,5758.03,5725.66,5525.84,5296.91,5313.09,5272.98,5008.78,4565.16
2019-08-01,4552.54,4458.42,4308.8,4053.89,3937.96,3993.1,4071.03,4287.99,4458.74,4534.91,4612.85,4634.66,4515.65,4425.11,4444.16,4489.13,4601.75,4737.83,4689.45,4622.39,4694.55,4764.84,4686.16,4427.3
2019-08-02,4339.87,4192.41,4026.21,3864.32,4067.79,4415.95,4779.1,5157.76,5402.63,5554.39,5617.4,5532.89,5473.79,5358.62,5301.99,5271.55,5247.67,5244.19,5110.61,4918.42,4874.89,4822.91,4525.79,4350.26
2019-08-03,4256.79,4236.22,4051.31,3722.44,3838.91,3974.12,4102.35,4355.64,4573.31,4677.01,4805.95,4700.53,4845.38,5105.34,5185.52,5406.17,4665.64,4674.11,4599.01,4544.61,4599.34,4598.49,4336.35,4298.71
2019-08-04,4316.88,4597.07,4600.84,4386.89,4346.88,4357.1,4617.94,5140.17,5431.64,5639.44,5723.44,5835.42,5888.32,5908.75,5916.24,5914.43,5761.54,4840.91,4758.2,4726.18,4861.2,4809.59,4492.44,4134.17
2019-08-05,4134.77,4212.11,3904.7,3809.13,4134.8,4796.73,5386.46,5766.5,5947.37,6093.96,6215.37,5949.65,6016.8,5973.46,5976.6,5890.32,5789.82,5770.63,5532.91,5403.01,5371.13,5222.27,4848.62,4799.81
2019-08-06,4771.81,4601.17,4457.72,4288.75,4550.79,5237.39,5890.04,6345.35,6477.18,6691.56,6847.55,6477.85,6599.82,6507.71,6497.14,6384.18,6177.22,6118.12,5889.02,5655.32,5512.94,5377.44,5056.05,4676.72
2019-08-07,4695.9,4595.94,4387.26,4243.6,4476.47,5096.6,5692.67,6124.59,6354.41,6594.67,6768.05,6448.7,6458.8,6388.26,6306.26,6135.63,6032.9,5911.08,5728.37,5558.02,5394.95,5260.83,4896.5,4861.95
2019-08-08,5625.95,5870.7,5858.6,5672.41,4948.17,5145.77,5552.04,5929.67,6039.14,6303.43,6673.89,7197.01,7603.3,7554.13,7188.9,6444.02,6320.55,5687.25,5540.65,5365.44,5378.29,5280.84,4919.64,4896.94
2019-08-09,4764.57,4581.47,4439.91,4244.47,4488.38,5269.51,5560.48,5928.72,6091.53,6285.11,6412.4,6170.26,6169.07,6081.38,5992.04,5893.26,5902.16,5903.0,5737.33,5613.65,5555.88,5519.43,5245.04,5087.96
2019-08-10,4963.52,5107.08,5224.61,5493.55,5518.49,5657.7,5254.12,5330.23,5580.79,6739.23,7163.98,6982.68,7191.05,7152.15,7081.44,7033.83,6940.13,6648.7,5585.06,5212.28,5094.63,5067.71,4870.84,5666.54
2019-08-11,5935.58,5848.13,5745.86,5610.7,5612.61,5641.3,5722.79,5898.03,6072.22,6157.17,6273.86,6332.63,6245.88,6133.82,6177.09,5949.93,5175.42,5058.7,5076.83,5009.22,4934.28,4868.52,4598.5,4558.87
2019-08-12,4734.79,4862.24,4960.43,4903.91,4918.2,5614.22,5913.31,6186.36,6449.98,6692.74,6885.75,6581.43,6543.2,6379.21,6308.98,6277.02,6257.46,6118.86,5903.9,5745.22,5650.37,5315.3,4916.99,5069.73
2019-08-13,5776.86,5629.96,5478.27,5334.38,5464.49,5843.48,5973.55,6146.88,6260.12,6401.99,6818.95,6523.53,6535.2,6447.43,6619.49,6442.78,6245.07,5860.57,5660.35,5543.96,5480.06,5324.98,4888.14,4691.16
2019-08-14,5262.67,5227.03,4837.73,4756.88,4928.07,5319.94,5635.26,5979.0,6054.08,6270.02,6571.32,6303.94,6353.96,6258.04,5912.71,5813.48,5661.69,5565.63,5461.18,5346.35,5343.94,5210.98,4856.87,4859.84
2019-08-15,4821.62,5040.25,4862.09,4784.25,5075.21,5284.74,5617.02,5646.06,5725.7,5901.33,6099.44,5881.5,6330.96,6285.2,6213.19,6255.64,5645.5,5557.09,5435.87,5347.25,5303.31,5179.52,4840.68,4768.13
2019-08-16,4674.82,4551.55,4419.71,4273.5,4515.16,5169.5,5729.1,6068.21,6197.89,6363.76,6465.57,6140.61,6105.9,5991.47,5837.29,5705.23,5683.98,5744.88,5629.63,5496.21,5461.39,5337.85,5008.39,4767.06
2019-08-17,5045.69,5287.37,5537.4,5506.18,5163.82,5098.53,5251.96,4835.28,5016.5,5188.0,5312.34,5325.1,5342.28,5401.3,5899.22,5833.27,5281.16,5224.6,5147.44,5074.53,5007.85,4924.94,4719.27,4571.47
2019-08-18,4815.83,4709.51,4599.95,4412.69,4340.1,4360.29,4442.19,4627.37,4868.8,5164.44,6026.24,6240.73,6134.21,6054.48,6066.65,6080.6,5886.18,5172.55,5221.2,5259.94,5248.63,5127.2,5056.22,4758.87
2019-08-19,4979.19,4884.08,4952.99,5055.92,5108.09,5289.01,5985.64,6511.47,6668.48,6818.39,7029.53,6600.6,7294.41,7591.69,7388.6,7306.19,6905.76,6217.56,6019.06,5848.89,5610.23,5393.5,4976.76,4810.4
2019-08-20,5488.04,5405.03,5485.03,5306.72,5132.59,5620.8,6124.1,6584.62,6739.28,6916.04,7195.06,6790.29,6815.56,6730.69,6685.24,6572.98,6350.21,6358.5,6119.41,5910.14,5636.56,5413.16,5130.05,4965.86
2019-08-21,5148.68,5223.32,5366.95,5270.03,5334.3,5643.71,6187.53,6566.45,6639.51,6744.31,6985.15,6588.81,6593.92,6498.24,6441.04,6316.87,6154.53,6197.06,6012.05,5917.28,5756.88,5538.96,5157.8,4859.73
2019-08-22,4970.74,5055.63,4864.32,4487.95,4727.68,5515.09,6196.49,6602.58,6775.52,6976.83,7167.26,6886.61,6924.48,7176.07,7033.05,6824.8,6138.55,6134.49,6046.45,5969.77,5835.38,5587.56,5410.5,5202.64
2019-08-23,5256.71,5168.91,5047.09,4854.92,5121.02,5759.87,6469.95,6925.12,7048.36,7191.94,7369.91,6960.09,6926.4,6730.84,6486.53,6297.57,6262.59,6292.29,6096.01,6010.17,5849.97,5655.48,5358.72,5114.29
2019-08-24,5176.28,5030.4,4861.47,4752.31,4774.17,4974.57,5299.59,5630.71,5549.09,5685.02,6007.6,6477.94,6550.65,6446.75,6329.53,6183.3,5387.97,5497.81,5417.1,5422.86,5336.8,5258.96,5014.23,4916.22
2019-08-25,4844.55,5089.34,5359.15,5168.19,5080.33,4968.33,4890.3,5076.49,5074.12,5757.89,6150.64,6132.18,6071.02,5976.17,5766.59,5413.99,5186.51,5366.73,5414.71,5488.93,5440.64,5329.31,4994.49,4765.89
2019-08-26,4721.93,4639.44,4530.06,4474.41,4777.86,5639.37,6392.03,6812.24,6926.32,7113.42,7345.33,6922.66,6986.31,6922.09,6850.49,6736.4,6647.57,6606.05,6448.67,6334.65,6179.2,5881.61,5434.81,5206.25
2019-08-27,5111.85,4915.16,4862.17,4694.57,4897.81,5810.36,6500.71,6916.05,7018.06,7212.67,7444.02,7041.85,7109.37,7030.53,6960.85,6899.96,6806.42,6825.06,6621.47,6518.59,6281.79,5974.83,5578.83,5282.03
2019-08-28,5164.46,5078.17,4980.89,4785.42,5048.82,5947.13,6712.1,7104.64,7210.74,7368.08,7568.73,7117.12,7181.48,7131.51,7047.29,6935.0,6881.98,6882.2,6681.06,6567.87,6322.42,6028.21,5590.33,5288.95
2019-08-29,5179.57,5039.92,4892.44,4699.23,5026.58,5921.08,6737.48,7184.8,7302.6,7509.73,7719.96,7260.32,7264.97,7187.87,7278.56,6963.27,6807.52,6800.04,6600.04,6518.93,6282.95,6002.01,5572.22,5296.62
2019-08-30,5206.02,5212.09,5138.68,4812.76,5026.92,5892.99,6580.28,6970.97,7064.33,7266.0,7495.56,7107.97,7116.15,7028.34,6842.28,6673.23,6641.64,6652.93,6447.75,6337.25,6149.17,5896.62,5558.91,5588.09
2019-08-31,5640.99,5698.17,5471.7,5315.04,5222.56,5393.95,5195.79,5891.52,6138.91,6651.99,6984.94,6978.94,6924.35,6788.37,6743.08,6707.31,6653.9,5964.22,5671.28,5898.27,6008.55,6403.58,6233.03,5726.73
2019-09-01,5644.35,5603.16,5448.25,5234.64,5137.7,5182.57,5243.75,5455.17,5710.24,5953.36,6158.16,6182.13,6027.66,5895.83,5931.08,5899.71,6124.96,5797.44,5650.56,5416.5,5426.47,5601.37,5481.63,5461.31
2019-09-02,5434.95,5438.32,5358.45,5272.5,5447.08,5667.51,6283.06,6781.23,6803.1,6922.09,7195.22,6923.06,6951.58,6959.2,7041.11,6955.19,6446.37,6438.02,6224.08,6101.48,5775.3,5478.73,5303.08,5259.92
2019-09-03,5389.52,5324.97,5216.63,5058.32,5325.42,5725.47,6337.1,6655.19,6700.36,6786.42,6952.03,6487.5,6730.27,6554.72,6516.6,6532.64,6157.64,6229.98,6083.23,6093.62,5850.18,5535.44,5186.56,4913.84
2019-09-04,4860.75,4713.84,4744.32,4552.56,4774.19,5653.09,6285.06,6580.12,6593.11,6792.69,6910.64,6612.9,6657.2,6542.98,6465.13,6406.11,6161.37,6209.43,6106.89,6092.41,5864.05,5547.27,5307.28,5206.16
2019-09-05,5194.84,5107.12,4980.05,4825.27,5079.65,5633.76,6216.16,6581.11,6706.89,6969.39,7256.46,6851.88,6875.84,6808.64,6693.12,6572.78,6424.79,6387.26,6259.62,6189.55,5837.61,5579.91,5229.3,5264.67
2019-09-06,5406.19,5346.14,5310.42,5162.75,5389.93,5724.17,6435.9,6836.12,6897.78,7066.42,7262.22,6770.64,6780.63,6922.86,6703.52,6533.84,6305.15,6283.44,6222.05,6043.0,5683.45,5467.42,5170.21,5067.47
2019-09-07,5055.42,4938.38,4815.48,4776.57,4685.61,4682.81,4811.3,5145.39,5339.89,5451.3,5551.03,5494.81,5359.13,5253.0,5205.22,5071.09,5163.19,5272.06,5265.2,5329.92,5060.12,4946.66,4701.73,4735.15
2019-09-08,5008.7,5204.48,5134.94,4955.95,4922.4,5096.52,4927.49,4658.34,4913.67,5180.83,5347.88,5360.34,5216.07,5125.68,4988.91,4962.01,5223.51,5469.6,5501.56,5476.75,5190.99,5030.91,4728.37,4581.42
2019-09-09,4945.09,4974.36,5200.26,5059.16,4964.76,5663.76,6336.93,6718.29,6708.29,6795.84,6963.48,6504.45,6455.72,6552.37,6384.92,6120.04,6066.91,6170.81,6183.68,6168.77,5812.1,5538.58,5108.35,5193.95
2019-09-10,5298.21,5519.93,5621.23,5498.51,5308.13,5901.14,6466.28,6753.28,6717.3,6760.94,7401.19,7047.15,7383.34,7330.67,7159.72,6877.63,6121.21,6114.39,6108.7,6151.94,5783.15,5515.96,5350.99,5450.66
2019-09-11,5932.79,5887.46,5779.63,5660.67,5563.16,5844.16,6413.7,6627.19,6551.2,6629.18,6810.4,7024.87,7367.05,7326.23,6883.39,6885.06,6232.16,6206.93,6125.72,6059.28,5714.32,6037.0,5856.0,6143.01
2019-09-12,6179.47,6196.47,6067.88,5796.56,5217.79,5717.47,6320.76,6597.89,6588.53,6674.09,6819.67,6411.5,6639.12,6748.06,6369.1,6211.67,6083.92,6140.64,6046.16,6036.11,5665.97,5464.69,5248.13,6219.86
2019-09-13,6328.7,6310.23,6125.93,5931.51,5970.41,5750.22,6238.1,6547.82,6543.07,6631.6,6800.68,6381.76,6365.69,6287.29,6203.02,6012.69,5936.76,6041.03,5992.79,5954.95,5553.19,5339.84,5107.21,5047.87
2019-09-14,5500.63,5581.0,5600.6,5475.06,5208.64,4934.08,4725.84,4973.45,5187.19,5327.1,6029.56,7031.3,6961.2,6945.04,6801.27,6098.27,5210.67,5222.4,5218.79,5266.64,5005.6,4915.41,5033.88,5222.67
2019-09-15,5649.12,5841.08,5779.39,5650.76,5634.55,5738.19,5720.44,5959.32,6200.93,6297.86,6253.28,6308.93,6411.38,6460.2,6416.11,6218.04,6039.57,5209.56,5177.24,5277.15,5053.9,4912.94,4837.12,5595.23
2019-09-16,5424.32,5474.3,5896.07,5823.51,5131.73,5455.65,6067.05,6467.36,6554.57,6661.03,6873.1,6460.12,6504.63,6436.98,6348.33,6284.39,6246.55,6298.99,6217.87,6155.4,5742.9,5517.47,5138.31,5219.96
2019-09-17,5756.62,5873.08,5864.24,5769.49,5182.41,5601.69,6276.42,6592.1,6626.2,6768.14,6964.57,6589.82,6617.45,6554.62,6450.42,6359.96,6268.96,6268.38,6198.47,6111.99,5842.12,5712.44,5593.7,6344.89
2019-09-18,6297.33,6288.22,6206.84,6125.56,6326.65,5972.08,6362.8,6720.91,6782.83,6926.04,7094.93,6719.07,6689.79,6676.58,6534.52,6428.45,6313.66,6279.97,6250.8,6127.15,5766.33,5534.08,5529.42,5402.28
2019-09-19,5331.23,6548.46,6508.88,5220.26,5520.46,6001.4,6655.57,6971.87,6951.66,7066.22,7198.62,6765.93,6986.08,6661.11,6975.05,6705.27,6368.42,6481.76,6553.08,6417.13,6005.58,5729.24,6333.67,6225.86
2019-09-20,6276.37,6161.02,6082.64,5958.18,5869.3,6041.55,6743.58,6989.34,6957.62,6986.65,7117.93,6783.18,6786.54,6672.73,6718.76,6639.77,6165.75,6265.17,6322.81,6238.54,5921.03,6203.29,6419.9,6457.13
2019-09-21,6519.79,6448.65,6487.44,6267.66,6124.82,6152.78,5707.87,5776.14,6106.81,6437.76,6679.76,6672.01,6780.33,6821.96,6808.53,6623.66,5661.15,5397.27,5505.64,5553.53,5961.11,5932.25,6070.32,6298.7
2019-09-22,6228.1,6149.55,5977.46,5741.03,5712.3,5745.81,5651.5,5934.91,6240.03,6515.82,6681.97,6761.28,6477.91,6407.4,6314.76,6350.21,6339.01,5564.82,5564.39,5503.17,5493.78,5816.04,6158.47,6296.24
2019-09-23,6309.61,6303.22,6220.71,6094.14,6186.52,6038.55,6725.48,7201.08,7375.37,7565.52,7717.19,7168.69,7063.07,6873.49,6762.48,6628.29,6495.85,6606.55,6627.22,6441.96,5988.66,5692.93,5768.45,5603.67
2019-09-24,5809.98,5820.65,5669.94,5438.08,5404.39,6045.23,6793.8,7064.12,7102.37,7281.53,7488.3,6978.51,6947.98,6843.32,6784.39,6690.52,6627.61,6820.39,6808.36,6512.03,6020.79,5813.43,5638.52,5846.68
2019-09-25,5939.17,6000.7,5916.44,5492.57,5352.18,6021.23,6798.4,7088.09,7047.75,7178.32,7338.14,6880.81,6864.71,6777.65,6692.81,6630.23,6588.95,6774.44,6805.9,6482.13,6033.16,5751.3,5464.61,5647.02
2019-09-26,6047.87,6230.56,6025.57,5974.67,5722.79,6033.28,6872.82,7275.52,7381.02,7517.59,7680.16,7162.02,7116.78,7013.17,6914.05,6783.21,6659.56,6754.97,6799.02,6555.62,6203.29,6142.45,6387.49,6406.67
2019-09-27,6734.75,6740.04,6610.15,6407.81,6391.17,6192.45,6729.58,7084.97,7124.72,7212.55,7310.36,6906.15,6858.9,6687.18,6530.55,6386.22,6332.96,6499.13,6573.61,6281.27,6047.48,6103.18,6578.01,6139.92
2019-09-28,6147.16,6090.38,5939.77,5730.77,5654.56,5856.6,5705.44,5557.33,5733.22,5776.84,5912.25,5969.04,6024.56,6145.67,6106.56,6223.44,6322.86,5894.42,5895.42,5749.41,5931.8,5572.43,5662.39,6226.41
2019-09-29,6351.45,6329.45,6165.71,6033.78,5992.8,6051.18,5921.92,5984.3,6285.27,6516.81,6692.57,6766.67,6598.88,6458.02,6431.88,6435.26,6470.06,6503.4,6135.33,6350.05,6218.65,6407.07,6187.32,5789.32
2019-09-30,5841.54,5806.75,5747.77,5697.52,5942.86,6353.56,6536.47,6865.6,6931.61,7044.69,7180.3,6754.8,6769.61,6802.57,7034.89,6832.34,6491.49,6566.67,6717.32,6455.73,6021.72,6022.05,5965.37,6033.82
2019-10-01,6044.04,6008.31,6061.22,5905.6,6029.19,5904.6,6429.72,6668.9,6643.82,6852.92,6946.52,6418.57,6468.5,6532.82,6490.08,6253.16,6225.57,6412.36,6486.01,6104.15,5808.08,5683.12,6025.47,6111.57
2019-10-02,6059.05,5948.23,6023.05,5903.95,6020.87,5882.29,6426.21,6783.99,6883.2,6912.68,7062.37,6675.52,6874.94,7066.03,7048.0,6909.23,6619.13,6612.06,6614.61,6262.36,5949.65,5975.12,6153.21,6032.78
2019-10-03,5943.13,5903.89,5852.92,5750.01,6120.99,6620.19,6621.64,6842.96,6818.48,6818.81,7344.9,7189.5,7095.88,7159.68,7005.29,6127.82,6094.32,6324.86,6534.47,6258.42,5841.92,5591.38,5926.16,5926.96
2019-10-04,6094.4,6291.56,6243.28,6032.04,6250.94,6163.78,6617.75,6920.88,6972.73,7211.95,7370.97,7047.79,7139.37,6957.85,6598.56,6471.48,6452.9,6581.6,6596.71,6299.42,6569.3,6429.46,6131.18,6371.21
2019-10-05,6357.39,6399.07,6385.63,6157.22,6150.52,6352.05,6320.96,5738.68,5810.81,5866.47,5869.24,5877.34,6144.65,6001.84,5963.07,5756.81,5572.35,5705.9,5788.94,5558.27,5649.88,5754.35,5884.52,6033.18
2019-10-06,6103.5,6041.22,5827.67,5799.75,5658.93,5859.36,5897.21,5879.94,5921.65,6103.93,6203.16,5903.93,6037.61,6505.33,6477.92,6404.68,6216.03,6297.41,5963.2,6139.51,5923.08,5819.98,5892.19,5907.49
2019-10-07,5909.75,5872.14,5875.4,5844.11,5984.77,5948.58,6498.09,6836.26,6844.79,6909.87,6942.62,6587.11,6586.84,6634.07,6416.02,6327.28,6179.12,6409.66,6590.17,6327.6,6099.15,6117.83,6487.07,6445.57
2019-10-08,6319.04,6299.59,6316.31,6209.13,6530.21,6526.35,6654.78,6972.61,6992.11,7065.31,7103.28,6682.69,6621.24,6568.04,6475.07,6410.23,6218.77,6447.4,6556.23,6206.95,6158.24,6126.02,6320.73,6157.69
2019-10-09,6155.33,6152.62,6078.43,6048.33,6163.77,6473.92,6618.85,7043.67,7197.75,7423.36,7586.2,7294.11,7324.14,7289.18,7217.76,7105.33,6861.77,6886.46,6870.9,6490.73,6381.57,6538.76,6736.14,6538.53
2019-10-10,6486.05,6405.82,6334.08,6282.46,6498.23,6588.74,6647.11,6969.78,7049.36,7153.09,7168.64,6949.78,6934.31,6828.6,6736.79,6685.65,6365.58,6525.06,6763.07,6454.02,6380.33,6238.01,6271.31,6260.23
2019-10-11,6212.83,6238.52,6271.75,6170.13,6288.25,6578.0,6813.29,7072.64,7050.55,7025.03,7169.91,6985.86,7047.71,6886.16,7177.99,7035.63,6920.85,6558.62,6564.94,6231.58,6310.59,6317.72,6357.68,6271.97
2019-10-12,6225.1,6094.61,6221.21,6025.95,6013.78,6186.32,6080.41,5983.17,6021.44,6147.59,6143.14,6211.83,6439.26,6259.04,6045.11,5714.41,5545.78,5620.36,5714.48,5425.65,5400.12,5525.36,5421.75,5213.72
2019-10-13,5536.97,5677.25,5658.42,5590.95,5533.5,5371.92,5145.21,5233.86,5455.21,5650.04,5750.77,5913.31,6133.33,6168.73,6059.52,6029.71,5677.34,5307.47,5583.39,5396.07,5139.21,5473.33,5614.63,5676.69
2019-10-14,5866.87,5871.24,5871.89,5833.22,5735.13,5935.93,6518.89,6858.97,6780.19,6829.11,6914.03,6529.85,6726.56,6659.96,6256.66,6216.12,6158.71,6446.65,6535.47,6209.01,5873.22,5821.89,6034.28,5665.22
2019-10-15,5572.54,5588.32,5571.27,5555.92,5864.6,6140.21,6562.82,6904.29,7002.58,7166.73,7410.22,7059.08,7126.76,7038.65,7005.69,7007.47,6960.77,7106.73,6912.53,6447.19,6065.88,5868.81,6080.99,6106.75
2019-10-16,6430.91,6586.63,6531.71,6381.86,6566.96,6257.56,6770.34,7064.75,6980.31,6979.76,7295.24,7004.23,7433.21,7212.94,6805.39,6307.66,6214.64,6570.4,6751.97,6391.9,6059.09,5835.52,5875.28,6235.62
2019-10-17,6435.55,6446.0,6412.94,6323.29,6348.74,6122.68,6761.46,6979.13,6929.59,6932.07,6955.8,6496.1,6504.13,6511.4,6466.12,6416.46,6458.42,6719.42,6662.04,6274.84,5858.74,5816.7,5977.22,6237.0
2019-10-18,6410.53,6404.58,6265.51,6037.85,6289.05,5984.53,6626.46,6938.45,7064.14,7203.32,7313.04,6892.02,6819.05,6716.59,6686.1,6655.76,6779.37,6835.7,6724.8,6313.24,5957.99,5753.06,6133.47,6569.54
2019-10-19,6522.64,6367.05,6241.52,6052.14,6168.41,6283.44,5918.22,6126.94,6386.06,6466.11,6512.05,6180.52,6294.44,6720.55,6418.19,6208.52,5903.91,5980.56,5870.53,5767.08,5821.94,5670.73,6086.72,6065.56
2019-10-20,6111.36,6090.75,5993.43,5809.86,5792.13,5788.9,5795.06,5758.46,5592.07,5760.99,5842.02,5797.35,5606.09,6174.08,6267.92,5914.02,5348.31,5699.02,5795.46,5545.41,5293.4,5669.63,5479.36,6032.4
2019-10-21,6210.69,6284.38,6234.12,6260.89,6283.49,6335.84,6650.89,7068.71,7131.41,7236.94,7457.17,7046.98,7062.66,6951.15,6869.64,6807.76,6815.5,6961.43,6796.35,6377.94,5957.33,5829.86,6168.64,6171.52
2019-10-22,6575.62,6618.13,6584.84,6498.12,6587.2,6135.33,6969.17,7341.8,7359.61,7416.25,7579.68,7118.52,7064.18,7038.25,6979.38,6903.45,6850.81,7074.23,6911.93,6498.81,6139.74,6062.84,6340.26,6516.82
2019-10-23,6645.18,6658.85,6659.98,6508.57,6782.83,6351.54,6954.21,7300.14,7298.44,7331.39,7419.6,6973.24,6963.76,6824.25,6819.83,6723.16,6716.38,7050.23,6923.64,6509.94,6295.33,6171.04,6657.87,6141.57
2019-10-24,6112.26,6190.16,6237.64,6120.41,6101.85,6268.06,7048.28,7361.92,7273.56,7376.16,7601.25,7191.95,7188.65,7242.36,7235.93,7219.06,6949.41,7170.89,7017.73,6670.61,6526.24,6880.96,7031.66,6552.01
2019-10-25,6600.15,6554.58,6445.15,6254.69,6675.38,6389.79,7163.31,7435.64,7377.73,7486.24,7608.83,7229.71,7192.55,7007.3,6843.58,6712.98,6688.6,6955.43,6963.87,6664.41,6401.9,6148.44,6003.44,6286.89
2019-10-26,6451.83,6458.12,6348.11,6358.33,6238.49,6235.96,5853.5,6132.65,6158.93,6258.17,6748.85,6133.0,6676.53,6796.2,6589.7,6569.94,6097.32,6176.9,6245.79,6317.59,6036.39,5980.3,5851.99,5750.47
2019-10-27,5613.51,5735.72,5755.9,5788.68,5794.3,5571.54,5687.11,5624.81,5563.26,5488.11,5431.11,5625.28,5650.34,5619.46,5662.21,5471.55,5258.89,5958.51,6301.65,6027.63,5677.44,5401.86,5267.42,5112.36
2019-10-28,5803.29,6122.18,6250.88,6270.66,6278.21,6381.42,6229.92,6898.54,7408.5,7497.11,7629.99,7801.88,7426.69,7503.16,7432.79,7383.77,7414.65,7553.11,7596.25,7171.47,6640.31,6284.28,6077.4,6383.5
2019-10-29,5780.77,5908.92,5640.03,5888.35,5838.51,5985.53,6419.93,7137.42,7577.9,7676.91,7824.83,7984.8,7600.47,7627.07,7527.41,7524.15,7566.93,7721.72,7642.12,7264.28,6835.25,6384.79,6234.98,6054.44
2019-10-30,5962.65,5996.39,6234.18,6257.25,6049.97,5947.07,6504.47,7223.72,7658.26,7745.67,7902.42,8052.46,7725.33,7688.93,7612.0,7559.09,7572.2,7729.54,7710.25,7326.83,6872.92,6416.16,6240.85,5943.54
2019-10-31,5771.71,5784.13,6118.09,6203.71,6139.66,6220.4,6565.39,7234.24,7636.7,7712.33,7851.23,7998.74,7659.59,7672.22,7566.61,7506.3,7447.12,7579.39,7509.24,7179.28,6718.57,6329.76,6143.96,5794.37
2019-11-01,5636.51,5770.2,5964.51,6076.63,5947.99,6122.75,6434.64,6378.49,6653.37,6702.11,6919.89,6980.0,6830.27,6851.09,6785.37,6553.18,6491.95,6617.51,6676.02,6399.63,6134.44,6330.48,6313.45,6255.25
2019-11-02,5973.67,5908.46,5731.28,5648.59,5526.04,5471.04,5580.37,5613.02,5829.35,5958.05,6493.92,6747.13,6416.45,6280.5,6159.25,6154.13,6316.01,6448.47,6254.27,6173.31,6290.9,6164.42,6082.26,6103.56
2019-11-03,5891.8,6016.44,5987.17,5916.88,5752.75,5714.29,5624.63,5555.39,5668.92,5739.13,5648.6,5514.51,5665.32,5560.21,5523.31,5549.01,5625.03,6100.33,6255.54,6003.42,5753.65,5557.89,6049.23,5905.89
2019-11-04,5709.21,5659.08,5763.55,5812.42,5881.78,6132.46,6268.41,6793.95,7141.35,7091.13,7238.73,7455.66,7083.53,7103.48,6968.96,6930.14,7027.78,7275.3,7293.89,6915.57,6474.15,6410.33,6210.4,6244.01
2019-11-05,6348.99,6287.57,6316.21,6261.04,6208.96,6564.21,6426.94,6931.74,7204.83,7164.71,7173.44,7319.39,6931.29,6975.52,6941.29,6959.33,7082.47,7353.22,7419.13,7041.42,6613.1,6211.81,6011.88,5691.26
2019-11-06,5547.71,6041.86,6086.37,6094.01,6021.2,5698.95,6421.22,7108.66,7417.13,7402.55,7484.75,7665.59,7323.12,7258.79,7145.66,7086.2,7204.66,7531.81,7576.58,7202.2,6775.15,6363.74,6143.33,5858.05
2019-11-07,5939.29,6014.71,6575.97,6618.39,6522.76,6583.28,6821.58,7270.26,7512.46,7509.54,7623.4,7776.68,7489.68,7483.15,7384.41,7372.8,7466.62,7627.97,7569.23,7267.15,6862.19,6474.76,6340.19,6169.1
2019-11-08,6070.65,6444.46,6581.77,6579.98,6505.98,6448.84,6672.02,7294.93,7702.37,7835.56,7976.64,8041.82,7803.16,7753.76,7530.17,7364.65,7387.35,7615.13,7569.49,7278.56,6836.14,6497.71,6371.01,6129.45
2019-11-09,6007.94,6176.55,6303.13,6327.84,6251.2,6336.1,5897.23,5862.11,6095.1,6274.24,6316.9,6266.58,6231.69,6142.49,6043.84,6085.11,6263.51,6798.58,6858.69,6683.79,6467.12,6567.99,6820.26,6853.53
2019-11-10,6809.51,6775.32,6656.31,6651.0,6514.92,6547.88,6503.53,6365.79,6555.42,6498.08,6518.88,6458.43,6326.66,6028.19,6060.18,5862.87,5897.87,6560.44,6752.24,6578.0,6341.61,6068.72,6086.07,6066.43
2019-11-11,6059.57,6323.32,6646.83,6693.02,6695.8,7033.44,7223.65,7528.14,7926.96,7937.78,7982.23,8009.44,7696.39,7698.19,7619.35,7641.15,7736.75,7876.06,7851.44,7484.85,7088.12,6692.05,6484.87,6262.95
2019-11-12,6451.57,6812.26,6805.59,6874.0,6871.55,6992.68,7028.74,7653.33,7915.46,7841.58,7830.8,7852.28,7448.3,7461.44,7382.98,7387.38,7510.65,7855.17,7896.86,7563.33,7152.3,6775.27,6608.78,6479.98
2019-11-13,6423.34,6880.79,6957.45,6992.34,6816.54,6998.27,7066.59,7694.15,7991.5,7927.08,7913.68,7939.98,7673.47,7645.44,7571.97,7552.12,7706.01,7981.69,8001.33,7681.2,7310.79,6977.06,6862.03,6824.04
2019-11-14,7041.95,7171.74,7175.61,7136.09,7034.4,7095.52,7287.52,7811.29,8090.11,8066.8,8099.72,8148.51,7854.88,7911.53,7853.62,7828.1,7953.13,8035.35,7983.21,7622.88,7216.33,6785.1,6581.18,6359.12
2019-11-15,6146.89,6029.62,6101.29,7047.85,7018.57,7155.9,7038.27,7673.1,8023.98,8064.27,8098.14,8097.14,7720.14,7668.88,7606.8,7516.44,7595.19,7884.64,7831.76,7514.92,7113.2,6727.09,6700.65,6456.85
2019-11-16,6314.14,6573.49,6678.16,6761.21,6766.32,6778.43,6566.55,6604.07,6670.25,6592.04,6578.13,6524.49,6487.24,6510.9,6512.79,6589.0,6727.12,7139.77,7183.9,6856.84,6550.31,6363.18,6361.44,6178.3
2019-11-17,6202.38,6431.34,6659.24,6687.63,6594.31,6619.43,6598.32,6568.09,6812.26,7035.87,7115.36,6894.88,6880.65,6749.25,6965.76,7043.82,6918.62,7104.25,7139.34,6873.34,6625.31,6457.61,6279.6,6056.27
2019-11-18,6260.45,6599.89,6778.12,6680.61,6724.69,7233.04,7122.4,7771.98,8148.26,8142.58,8169.72,8234.68,7877.1,7861.1,7782.11,7747.29,7945.5,8251.9,8193.7,7830.6,7436.93,7030.3,6811.37,6545.77
2019-11-19,6405.18,6354.78,6354.39,6458.72,6502.33,6613.19,7291.77,8079.49,8420.58,8411.73,8429.87,8412.71,8049.51,8048.46,7940.87,7954.99,8136.35,8290.74,8228.9,7811.17,7400.36,6984.19,6817.6,6472.45
2019-11-20,6163.22,6175.18,6198.86,6320.97,6250.13,6462.19,7020.77,7770.09,8152.98,8176.39,8226.79,8274.63,7975.75,7944.39,7857.71,7820.88,7920.85,8139.92,8099.82,7704.9,7280.59,6856.79,6746.0,6421.06
2019-11-21,6527.65,6648.7,6814.9,7030.73,6970.07,6945.62,7220.94,7997.04,8304.69,8337.17,8433.31,8482.69,8161.9,8196.38,8095.75,8098.07,8200.35,8378.84,8249.54,7876.76,7511.71,7058.65,6832.21,6539.7
2019-11-22,6608.39,6767.56,6867.52,6838.99,6880.03,7002.42,7316.15,7996.21,8322.33,8349.9,8396.22,8374.37,8046.5,7996.94,7860.58,7796.76,7858.7,8109.99,8023.95,7723.17,7333.75,6936.71,6952.68,6870.03
2019-11-23,6471.15,6676.28,6807.51,7118.25,7010.78,6853.68,6221.17,6188.7,6426.04,6730.81,6770.44,6800.75,6787.42,6708.33,6528.92,6562.92,6774.35,7173.42,7140.71,6830.57,6453.78,6187.45,6098.05,6012.41
2019-11-24,6331.06,6801.32,7004.19,7021.32,6945.43,6932.78,6838.97,6728.28,6912.77,6863.57,6483.21,6372.98,6303.4,6728.66,6589.95,6429.93,6305.87,6757.67,6911.73,6673.41,6449.01,6265.41,6232.52,6799.98
2019-11-25,7042.99,6978.51,6984.58,7018.18,7024.58,7457.58,6972.21,7763.03,8115.92,8131.1,8115.05,8204.76,7858.77,7890.79,7770.52,7814.2,7958.09,8124.21,8044.94,7647.31,7168.66,6856.46,7019.83,6987.08
2019-11-26,6968.02,7265.2,7329.28,7422.73,7365.37,7292.57,7382.56,7854.73,8138.38,8120.24,8136.63,8233.42,7786.58,7810.59,7724.58,7651.22,7854.95,8198.22,8161.29,7763.81,7796.27,7554.92,6815.74,6824.27
2019-11-27,7318.73,7428.22,7313.32,7390.55,7329.76,7360.34,7300.05,7830.21,8226.46,8290.91,8315.43,8291.83,7967.96,7846.36,7694.54,7671.9,7910.89,8113.71,8046.67,7785.22,7421.87,7383.59,7126.45,7273.27
2019-11-28,7200.13,7336.0,7424.13,7370.23,7352.01,7253.0,7289.49,7841.95,8164.19,8226.87,8345.61,8566.68,8238.85,8222.11,8086.33,8028.27,8108.61,8253.8,8159.13,7836.23,7461.44,7462.56,7374.82,7384.82
2019-11-29,7560.28,7474.53,7479.88,7610.27,7595.21,7223.35,7192.37,7874.92,8419.09,8489.54,8522.84,8487.91,8159.42,8067.72,8022.57,8193.91,7913.42,8072.38,7939.71,7656.05,7272.47,6933.31,6951.22,7029.94
2019-11-30,7417.82,7494.7,7630.25,7574.91,7308.58,7358.04,7208.49,7526.98,7679.33,7465.92,7370.46,7769.9,7564.98,7502.8,7442.6,7179.13,6938.38,7399.29,7371.38,7193.89,7253.41,7333.98,7316.25,7385.74
2019-12-01,7195.8,6885.65,7088.44,7102.15,6958.39,6927.55,6850.08,6589.34,6872.18,7008.41,7117.04,6764.66,6754.87,6797.85,6841.42,6630.22,6925.99,6887.67,6979.63,6792.48,6593.22,6660.02,6595.39,6756.38
2019-12-02,6871.7,7241.96,7299.4,7334.79,7292.99,7282.15,7401.04,7686.16,8171.87,8244.87,8334.42,8381.96,8109.11,8207.64,8170.16,8171.24,8275.1,8395.09,8337.41,7991.14,7592.93,7190.82,6971.09,6825.91
2019-12-03,6643.6,6767.95,6997.11,7129.46,7104.06,7257.92,7319.83,8050.69,8371.5,8329.97,8299.64,8256.16,7881.78,7897.58,7792.48,7828.82,8039.94,8318.65,8259.45,7929.3,7538.57,7139.3,6951.28,6737.27
2019-12-04,6625.32,6886.7,7385.29,7639.71,7584.48,7070.26,7402.77,8083.48,8431.7,8451.37,8484.87,8472.47,8170.05,8158.55,8062.46,8050.51,8203.79,8370.05,8301.98,7940.33,7534.89,7105.55,6908.53,6607.71
2019-12-05,6611.64,6749.85,6489.3,6475.16,6554.77,6607.05,7312.56,8134.6,8504.31,8548.38,8501.22,8430.54,8109.52,8134.17,8040.33,8053.7,8256.07,8394.11,8266.68,7980.14,7622.49,7207.11,7052.51,6978.43
2019-12-06,6686.41,6621.36,6860.55,6865.56,6875.72,6967.72,7514.0,8197.5,8561.76,8507.58,8374.85,8240.62,7921.73,7826.24,7691.11,7648.78,7789.73,8097.9,8028.1,7649.16,7390.94,6970.74,6838.86,6589.06
2019-12-07,6294.8,6352.62,6432.84,6732.71,6599.57,6158.17,5953.44,5961.64,6301.25,6548.46,6544.71,6527.35,6638.19,6611.89,6642.86,6507.47,6630.94,7041.81,7001.11,6770.73,6526.52,6261.53,6222.35,6303.28
2019-12-08,6409.9,6641.49,6919.83,7165.65,7074.56,6998.55,6749.1,6442.65,6412.81,6480.23,6676.96,6850.0,6893.37,6787.87,6714.14,6571.01,6378.42,6747.85,6790.46,6552.21,6298.15,6050.51,6180.39,6366.87
2019-12-09,6718.6,7049.5,7127.11,7170.37,7115.25,7230.67,7025.82,7734.26,8038.04,7997.22,8040.31,8186.57,8002.04,8123.28,7982.69,8038.83,8197.66,8288.79,8124.24,7792.15,7362.95,6930.05,6747.19,6408.21
2019-12-10,6228.8,6089.46,6437.81,6417.47,6738.76,6422.24,7242.64,7979.21,8351.34,8271.18,8150.51,8088.54,7734.55,7736.71,7691.46,7766.89,8089.04,8416.66,8376.28,8066.84,7661.17,7446.21,7169.22,7308.31
2019-12-11,7162.74,6863.6,6814.23,7606.49,7425.47,6692.53,7466.38,8170.09,8452.21,8491.91,8545.5,8560.05,8338.2,8343.06,8229.75,8244.51,8395.06,8469.79,8351.44,7952.66,7538.85,7195.62,7008.02,6720.27
2019-12-12,6516.36,6573.09,6837.63,6824.52,6777.13,6613.77,7373.41,8130.61,8463.59,8477.1,8484.55,8398.61,8067.89,8036.24,7915.78,7965.91,8239.11,8549.78,8447.92,8081.13,7719.88,7328.94,7164.78,6915.93
2019-12-13,6602.35,6812.71,6923.09,7050.95,6655.47,6643.17,7181.36,7920.85,8345.67,8412.9,8516.44,8463.5,8193.64,8111.33,7981.66,7909.85,7991.61,8145.69,7966.46,7630.57,7254.15,6915.08,6844.24,7191.05
2019-12-14,6775.85,7014.25,7262.87,7327.58,7174.55,6824.83,6377.86,5943.56,6205.62,6535.04,6746.65,6808.67,6907.58,6894.82,6769.95,6495.55,6594.18,6970.84,6947.86,6675.23,6374.47,6270.38,6273.77,6432.28
2019-12-15,6463.82,6751.0,6919.41,6886.56,6765.49,6670.86,6652.16,6070.3,6084.73,6246.44,6387.17,6535.72,6640.67,6748.63,6413.06,5942.2,6074.16,6600.01,6725.87,6572.0,6409.31,6163.19,6311.21,6276.58
2019-12-16,5658.48,6295.0,7193.16,7242.86,7281.88,6797.02,6857.54,7615.44,8000.88,7946.99,7915.58,7905.59,7612.75,7643.57,7539.99,7511.78,7688.53,7909.06,7849.72,7491.03,7085.41,6692.31,6488.67,6137.27
2019-12-17,5901.79,6327.7,7002.51,6524.64,7102.69,6001.2,6793.25,7499.97,7815.85,7831.08,7824.41,7901.76,7569.29,7528.0,7437.01,9803.8,7631.99,7820.87,7734.98,7400.41,6996.42,6700.17,6820.67,6753.15
2019-12-18,6833.53,7293.83,7527.49,7586.63,7442.98,6615.38,6674.86,7374.64,7713.9,7704.86,7705.84,7730.68,7676.91,7797.53,7306.47,7233.58,7418.53,7663.12,7622.79,7701.63,7448.95,7452.27,6630.46,7107.94
2019-12-19,6855.55,6953.7,7271.9,7289.27,7013.26,6887.24,6763.19,7443.79,7780.12,7858.0,7818.53,7733.65,7441.32,7370.36,7247.91,7225.67,7462.06,7795.67,7702.77,7446.53,7270.2,6947.02,6900.03,6938.02
2019-12-20,6763.69,7113.31,7325.64,7140.76,7176.15,6691.66,6590.02,7157.66,7498.52,7517.46,7544.81,7551.77,7325.41,7200.58,7049.46,6946.47,7088.57,7285.9,7293.38,7128.44,6684.66,6372.11,6877.33,7414.11
2019-12-21,7256.24,7052.37,6939.27,6854.53,6707.91,6707.37,6720.02,6503.98,6393.62,6228.19,6289.61,6258.66,6306.36,6187.86,6031.67,5953.72,6309.88,6773.2,6780.97,6573.91,6329.51,6084.13,6579.3,6558.23
2019-12-22,6830.7,6666.51,6501.56,6576.66,6433.53,6358.65,6344.07,6319.51,6258.51,5752.02,5841.07,5962.35,6139.21,6017.46,5873.82,5860.08,6097.72,6478.51,6484.72,6298.7,6283.68,6457.08,7017.56,7079.13
2019-12-23,6850.24,6750.92,6743.15,6762.25,6751.04,7019.26,7267.92,6458.58,6760.73,6828.02,6837.55,6808.13,7025.17,7188.3,6676.72,6606.64,6805.53,7058.86,6994.75,6742.12,6427.56,6172.97,6433.05,7222.84
2019-12-24,6999.05,6837.2,6838.84,6848.4,6708.98,6854.38,7121.17,6508.45,6598.17,6840.53,6987.41,6969.47,7142.37,6935.23,6541.42,6393.27,6445.74,6732.38,6602.99,6337.79,6145.57,6205.19,6645.4,7093.08
2019-12-25,7072.53,6926.87,6771.75,6770.42,6649.76,6654.83,6588.6,6499.54,6510.56,6234.43,6356.12,6272.88,6623.98,6614.66,6442.85,6063.28,5968.68,6223.46,6248.77,6191.88,6039.27,5904.22,6074.02,6063.09
2019-12-26,6660.67,6668.25,6657.76,6894.42,6690.09,6408.01,6478.52,6264.13,5856.14,6015.25,6076.87,5996.25,6235.4,6127.6,5970.57,5955.38,6213.67,6650.21,6669.9,6507.25,6268.09,6106.28,6194.29,6168.17
2019-12-27,6641.13,6544.01,6578.89,6545.98,6325.56,6539.21,6689.97,6109.45,6476.8,6790.27,6899.47,6832.38,6938.05,6813.18,6630.5,6533.23,6730.47,7165.9,7173.93,6888.65,6550.89,6224.5,6223.73,6053.21
2019-12-28,6012.24,6314.74,6551.06,6725.48,6589.14,6613.58,6602.77,5996.77,6047.74,6294.81,6420.43,6516.3,6692.34,6559.22,6469.1,6366.7,6584.14,7047.21,7093.85,6872.15,6605.04,6329.39,6314.62,6405.05
2019-12-29,6911.99,6914.06,6880.92,6878.47,6829.41,6704.38,6722.97,6739.69,6707.08,6667.03,6322.64,6311.27,6349.12,6764.27,6491.86,6127.64,6216.86,6876.52,7028.11,6872.48,6669.51,6513.77,6460.92,6562.41
2019-12-30,7293.12,7290.85,7314.18,7298.1,7229.23,6938.1,6962.56,6887.67,6929.93,7203.2,7222.08,7075.77,7177.35,7201.81,7072.01,6937.42,7142.33,7594.37,7636.73,7334.99,7028.54,6769.67,6855.91,6654.8
2019-12-31,6326.79,6753.58,6761.18,6777.96,6799.26,6589.51,6287.26,6434.84,6776.57,7046.98,7060.34,6878.47,6975.83,6849.89,6736.96,6740.39,6935.43,7269.71,7189.5,6911.08,6638.85,6412.14,6451.5,6891.33
